id_cliente,data_referencia,dias_atraso,qtd_parcelas_vencidas,utilizacao_limite_pct,qtd_contratos_ativos,regularizou_30d,qtd_interacoes_ult_30d,dias_desde_ultima_interacao,qtd_interacoes_ativas_ult_30d,qtd_interacoes_receptivas_ult_30d,qtd_canais_distintos_ult_30d,teve_promessa_pagamento_ult_30d,qtd_promessas_pagamento_ult_30d
PJ0001,2026-02-28,53,2,0.3139,4,1,2.0,1.0,2.0,0.0,2.0,1.0,1.0
PJ0002,2026-02-28,24,1,0.5994,1,1,0.0,-1.0,0.0,0.0,0.0,0.0,0.0
PJ0003,2026-01-28,52,3,0.623,4,0,1.0,27.0,1.0,0.0,1.0,1.0,1.0
PJ0004,2026-01-28,45,1,0.3296,1,1,1.0,19.0,0.0,1.0,1.0,0.0,0.0
PJ0005,2026-02-28,43,1,0.1913,2,1,2.0,2.0,2.0,0.0,1.0,1.0,1.0
PJ0006,2026-04-30,15,1,0.4395,3,1,2.0,5.0,2.0,0.0,2.0,0.0,0.0
PJ0007,2026-02-28,96,3,0.4112,3,0,1.0,9.0,1.0,0.0,1.0,1.0,1.0
PJ0008,2026-02-28,17,2,0.2494,1,1,1.0,1.0,0.0,1.0,1.0,0.0,0.0
PJ0009,2026-04-30,13,1,0.3922,4,0,1.0,28.0,0.0,1.0,1.0,0.0,0.0
PJ0010,2026-04-30,55,1,0.5027,1,0,0.0,-1.0,0.0,0.0,0.0,0.0,0.0
PJ0011,2026-03-28,32,2,0.6816,2,1,0.0,-1.0,0.0,0.0,0.0,0.0,0.0
PJ0012,2026-02-28,12,1,0.1517,2,0,2.0,15.0,2.0,0.0,2.0,1.0,1.0
PJ0013,2026-01-28,68,2,0.6383,1,1,1.0,22.0,1.0,0.0,1.0,1.0,1.0
PJ0014,2026-03-28,36,3,0.8745,2,1,0.0,-1.0,0.0,0.0,0.0,0.0,0.0
PJ0015,2026-05-28,36,1,0.6729,1,0,0.0,-1.0,0.0,0.0,0.0,0.0,0.0
PJ0016,2026-04-30,107,5,0.5564,1,0,1.0,20.0,1.0,0.0,1.0,0.0,0.0
PJ0017,2026-02-28,6,1,0.2277,2,1,4.0,1.0,1.0,3.0,2.0,1.0,1.0
PJ0018,2026-02-28,27,1,0.5864,1,1,0.0,-1.0,0.0,0.0,0.0,0.0,0.0
PJ0019,2026-04-30,51,2,0.3896,5,0,2.0,5.0,1.0,1.0,2.0,0.0,0.0
PJ0020,2026-05-28,39,2,0.4838,1,0,3.0,5.0,2.0,1.0,2.0,1.0,2.0
PJ0021,2026-04-30,55,2,0.1538,5,1,1.0,25.0,1.0,0.0,1.0,0.0,0.0
PJ0022,2026-06-30,48,3,0.2924,2,1,1.0,5.0,1.0,0.0,1.0,0.0,0.0
PJ0023,2026-02-28,60,2,0.3415,4,0,1.0,24.0,1.0,0.0,1.0,0.0,0.0
PJ0024,2026-04-30,100,4,0.378,2,1,1.0,27.0,1.0,0.0,1.0,0.0,0.0
PJ0025,2026-02-28,28,2,0.4076,2,0,1.0,12.0,1.0,0.0,1.0,0.0,0.0
PJ0026,2026-01-28,94,5,0.5184,2,0,0.0,-1.0,0.0,0.0,0.0,0.0,0.0
PJ0027,2026-05-28,23,1,0.5464,2,0,1.0,8.0,1.0,0.0,1.0,0.0,0.0
PJ0028,2026-05-28,54,2,0.4854,2,0,2.0,5.0,1.0,1.0,2.0,0.0,0.0
PJ0029,2026-02-28,75,3,0.5286,1,1,0.0,-1.0,0.0,0.0,0.0,0.0,0.0
PJ0030,2026-02-28,35,1,0.2292,3,0,2.0,10.0,2.0,0.0,2.0,0.0,0.0
PJ0031,2026-03-28,17,2,0.1353,1,1,2.0,16.0,2.0,0.0,1.0,0.0,0.0
PJ0032,2026-06-30,11,1,0.6458,1,1,0.0,-1.0,0.0,0.0,0.0,0.0,0.0
PJ0033,2026-04-30,31,2,0.4521,1,0,2.0,6.0,2.0,0.0,2.0,0.0,0.0
PJ0034,2026-05-28,23,1,0.4796,2,0,3.0,10.0,1.0,2.0,2.0,0.0,0.0
PJ0035,2026-03-28,17,1,0.8393,2,1,3.0,7.0,1.0,2.0,2.0,0.0,0.0
PJ0036,2026-05-28,33,1,0.5035,4,0,2.0,24.0,1.0,1.0,2.0,0.0,0.0
PJ0037,2026-04-30,33,1,0.5575,3,1,1.0,29.0,1.0,0.0,1.0,0.0,0.0
PJ0038,2026-01-28,75,4,0.7374,2,0,2.0,27.0,2.0,0.0,2.0,0.0,0.0
PJ0039,2026-01-28,22,1,0.4701,1,0,1.0,27.0,1.0,0.0,1.0,1.0,1.0
PJ0040,2026-04-30,71,3,0.3601,3,0,1.0,8.0,1.0,0.0,1.0,0.0,0.0
PJ0041,2026-01-28,55,3,0.4807,6,0,0.0,-1.0,0.0,0.0,0.0,0.0,0.0
PJ0042,2026-06-30,11,1,0.2454,2,1,1.0,18.0,1.0,0.0,1.0,0.0,0.0
PJ0043,2026-02-28,57,2,0.3824,2,0,0.0,-1.0,0.0,0.0,0.0,0.0,0.0
PJ0044,2026-02-28,68,3,0.4542,1,1,0.0,-1.0,0.0,0.0,0.0,0.0,0.0
PJ0045,2026-06-30,85,4,0.5011,2,1,0.0,-1.0,0.0,0.0,0.0,0.0,0.0
PJ0046,2026-03-28,20,1,0.4638,3,1,1.0,5.0,1.0,0.0,1.0,0.0,0.0
PJ0047,2026-03-28,1,1,0.3826,2,1,0.0,-1.0,0.0,0.0,0.0,0.0,0.0
PJ0048,2026-06-30,29,1,0.4562,3,0,0.0,-1.0,0.0,0.0,0.0,0.0,0.0
PJ0049,2026-06-30,78,2,1.0402,2,0,0.0,-1.0,0.0,0.0,0.0,0.0,0.0
PJ0050,2026-04-30,20,1,0.5728,1,1,2.0,26.0,2.0,0.0,2.0,1.0,1.0
PJ0051,2026-04-30,102,5,0.279,1,0,0.0,-1.0,0.0,0.0,0.0,0.0,0.0
PJ0052,2026-05-28,57,2,0.3116,2,0,1.0,13.0,1.0,0.0,1.0,0.0,0.0
PJ0053,2026-01-28,26,1,0.9697,4,1,1.0,20.0,1.0,0.0,1.0,0.0,0.0
PJ0054,2026-01-28,14,1,0.6318,6,1,2.0,10.0,1.0,1.0,2.0,0.0,0.0
PJ0055,2026-01-28,56,2,0.4529,1,1,0.0,-1.0,0.0,0.0,0.0,0.0,0.0
PJ0056,2026-06-30,24,1,0.6054,1,1,1.0,30.0,1.0,0.0,1.0,0.0,0.0
PJ0057,2026-06-30,33,1,0.5947,3,1,2.0,2.0,2.0,0.0,2.0,0.0,0.0
PJ0058,2026-06-30,45,2,0.5739,2,0,1.0,4.0,0.0,1.0,1.0,0.0,0.0
PJ0059,2026-01-28,7,1,0.4909,2,1,1.0,12.0,1.0,0.0,1.0,0.0,0.0
PJ0060,2026-05-28,99,3,0.3204,1,0,4.0,17.0,3.0,1.0,2.0,0.0,0.0
PJ0061,2026-01-28,56,2,0.4658,2,1,1.0,27.0,0.0,1.0,1.0,0.0,0.0
PJ0062,2026-04-30,171,7,0.3996,2,0,1.0,1.0,0.0,1.0,1.0,0.0,0.0
PJ0063,2026-05-28,38,2,0.364,2,0,0.0,-1.0,0.0,0.0,0.0,0.0,0.0
PJ0064,2026-01-28,113,4,0.8833,4,0,3.0,2.0,3.0,0.0,2.0,0.0,0.0
PJ0065,2026-01-28,70,2,0.2977,1,0,1.0,16.0,1.0,0.0,1.0,0.0,0.0
PJ0066,2026-01-28,12,2,0.6291,3,1,1.0,28.0,1.0,0.0,1.0,0.0,0.0
PJ0067,2026-02-28,65,2,0.5916,1,0,1.0,7.0,1.0,0.0,1.0,0.0,0.0
PJ0068,2026-01-28,10,1,0.3043,1,1,4.0,3.0,4.0,0.0,3.0,0.0,0.0
PJ0069,2026-03-28,9,1,0.1413,3,1,1.0,4.0,1.0,0.0,1.0,0.0,0.0
PJ0070,2026-04-30,27,2,0.3026,3,1,0.0,-1.0,0.0,0.0,0.0,0.0,0.0
PJ0071,2026-02-28,15,2,0.278,1,0,2.0,7.0,2.0,0.0,2.0,1.0,2.0
PJ0072,2026-01-28,102,4,0.3861,1,0,3.0,6.0,2.0,1.0,2.0,0.0,0.0
PJ0073,2026-01-28,7,1,0.4843,3,1,0.0,-1.0,0.0,0.0,0.0,0.0,0.0
PJ0074,2026-06-30,35,1,0.2142,2,1,0.0,-1.0,0.0,0.0,0.0,0.0,0.0
PJ0075,2026-04-30,40,2,0.5371,1,0,3.0,1.0,2.0,1.0,2.0,1.0,1.0
PJ0076,2026-05-28,38,3,0.5429,2,1,0.0,-1.0,0.0,0.0,0.0,0.0,0.0
PJ0077,2026-04-30,43,1,0.2555,1,0,1.0,10.0,1.0,0.0,1.0,0.0,0.0
PJ0078,2026-06-30,16,1,0.4299,2,1,0.0,-1.0,0.0,0.0,0.0,0.0,0.0
PJ0079,2026-06-30,12,1,0.5099,4,1,1.0,4.0,0.0,1.0,1.0,0.0,0.0
PJ0080,2026-05-28,13,1,0.3956,5,1,1.0,13.0,1.0,0.0,1.0,0.0,0.0
PJ0081,2026-02-28,29,1,0.8135,4,0,2.0,14.0,2.0,0.0,2.0,0.0,0.0
PJ0082,2026-04-30,55,2,0.5526,1,0,2.0,6.0,2.0,0.0,2.0,0.0,0.0
PJ0083,2026-05-28,12,1,0.6922,5,0,4.0,12.0,3.0,1.0,3.0,1.0,1.0
PJ0084,2026-02-28,51,2,0.7426,6,0,0.0,-1.0,0.0,0.0,0.0,0.0,0.0
PJ0085,2026-04-30,16,1,0.6987,1,1,0.0,-1.0,0.0,0.0,0.0,0.0,0.0
PJ0086,2026-02-28,58,2,0.2423,4,1,0.0,-1.0,0.0,0.0,0.0,0.0,0.0
PJ0087,2026-02-28,31,3,0.3818,1,1,1.0,12.0,0.0,1.0,1.0,0.0,0.0
PJ0088,2026-04-30,29,1,0.2842,1,1,2.0,14.0,2.0,0.0,1.0,0.0,0.0
PJ0089,2026-03-28,37,2,0.7431,1,0,0.0,-1.0,0.0,0.0,0.0,0.0,0.0
PJ0090,2026-06-30,56,2,0.4788,2,0,0.0,-1.0,0.0,0.0,0.0,0.0,0.0
PJ0091,2026-04-30,55,3,0.3337,1,0,2.0,5.0,1.0,1.0,2.0,1.0,2.0
PJ0092,2026-01-28,23,1,0.73,1,0,2.0,6.0,2.0,0.0,1.0,1.0,1.0
PJ0093,2026-04-30,4,2,0.498,2,0,2.0,1.0,1.0,1.0,1.0,0.0,0.0
PJ0094,2026-04-30,10,1,0.7527,4,0,1.0,25.0,0.0,1.0,1.0,0.0,0.0
PJ0095,2026-06-30,5,1,0.4311,5,1,1.0,17.0,1.0,0.0,1.0,0.0,0.0
PJ0096,2026-01-28,7,1,0.5448,3,0,0.0,-1.0,0.0,0.0,0.0,0.0,0.0
PJ0097,2026-01-28,16,2,0.3623,1,1,0.0,-1.0,0.0,0.0,0.0,0.0,0.0
PJ0098,2026-02-28,31,3,0.349,2,1,1.0,29.0,0.0,1.0,1.0,1.0,1.0
PJ0099,2026-02-28,30,1,0.7677,1,0,3.0,13.0,2.0,1.0,3.0,0.0,0.0
PJ0100,2026-02-28,89,2,0.6136,1,1,1.0,15.0,1.0,0.0,1.0,1.0,1.0
PJ0101,2026-02-28,97,5,0.6006,3,1,2.0,2.0,2.0,0.0,2.0,1.0,1.0
PJ0102,2026-04-30,38,2,0.2826,3,1,0.0,-1.0,0.0,0.0,0.0,0.0,0.0
PJ0103,2026-06-30,11,1,0.8964,1,0,0.0,-1.0,0.0,0.0,0.0,0.0,0.0
PJ0104,2026-04-30,40,3,0.509,1,0,2.0,17.0,1.0,1.0,2.0,0.0,0.0
PJ0105,2026-03-28,19,1,0.3425,4,1,1.0,28.0,1.0,0.0,1.0,0.0,0.0
PJ0106,2026-01-28,16,1,0.3918,3,0,2.0,16.0,1.0,1.0,2.0,1.0,1.0
PJ0107,2026-06-30,33,2,0.9715,1,0,1.0,12.0,1.0,0.0,1.0,0.0,0.0
PJ0108,2026-06-30,33,1,0.583,1,1,0.0,-1.0,0.0,0.0,0.0,0.0,0.0
PJ0109,2026-01-28,22,1,0.3664,1,1,1.0,28.0,1.0,0.0,1.0,0.0,0.0
PJ0110,2026-03-28,49,2,0.3999,3,0,1.0,12.0,1.0,0.0,1.0,0.0,0.0
PJ0111,2026-06-30,57,2,0.5464,2,1,1.0,9.0,1.0,0.0,1.0,0.0,0.0
PJ0112,2026-05-28,50,2,0.4717,2,1,0.0,-1.0,0.0,0.0,0.0,0.0,0.0
PJ0113,2026-05-28,35,1,0.7842,3,0,0.0,-1.0,0.0,0.0,0.0,0.0,0.0
PJ0114,2026-05-28,25,1,0.4029,2,1,2.0,5.0,2.0,0.0,2.0,0.0,0.0
PJ0115,2026-06-30,31,2,0.1903,6,1,0.0,-1.0,0.0,0.0,0.0,0.0,0.0
PJ0116,2026-03-28,7,1,0.2882,1,1,3.0,2.0,3.0,0.0,3.0,0.0,0.0
PJ0117,2026-02-28,75,2,0.2961,1,0,2.0,10.0,2.0,0.0,2.0,0.0,0.0
PJ0118,2026-02-28,53,1,0.7416,1,1,3.0,11.0,2.0,1.0,2.0,0.0,0.0
PJ0119,2026-03-28,98,5,0.3861,6,0,0.0,-1.0,0.0,0.0,0.0,0.0,0.0
PJ0120,2026-05-28,40,2,0.6454,2,0,0.0,-1.0,0.0,0.0,0.0,0.0,0.0
PJ0121,2026-06-30,30,2,0.2204,1,0,0.0,-1.0,0.0,0.0,0.0,0.0,0.0
PJ0122,2026-05-28,44,2,0.5552,4,1,0.0,-1.0,0.0,0.0,0.0,0.0,0.0
PJ0123,2026-01-28,39,3,0.4138,1,0,2.0,10.0,1.0,1.0,2.0,0.0,0.0
PJ0124,2026-02-28,19,1,0.4482,2,1,0.0,-1.0,0.0,0.0,0.0,0.0,0.0
PJ0125,2026-01-28,18,1,0.8782,2,0,2.0,8.0,1.0,1.0,2.0,0.0,0.0
PJ0126,2026-05-28,12,1,0.3326,1,0,0.0,-1.0,0.0,0.0,0.0,0.0,0.0
PJ0127,2026-03-28,10,2,0.2858,2,0,1.0,28.0,0.0,1.0,1.0,0.0,0.0
PJ0128,2026-03-28,10,1,0.3314,2,1,0.0,-1.0,0.0,0.0,0.0,0.0,0.0
PJ0129,2026-04-30,14,1,0.7298,6,1,4.0,1.0,3.0,1.0,2.0,1.0,2.0
PJ0130,2026-05-28,51,2,0.2935,2,0,1.0,10.0,1.0,0.0,1.0,0.0,0.0
PJ0131,2026-03-28,132,5,0.5063,3,0,1.0,13.0,1.0,0.0,1.0,0.0,0.0
PJ0132,2026-06-30,16,1,0.3324,2,0,2.0,12.0,1.0,1.0,2.0,1.0,1.0
PJ0133,2026-03-28,14,1,0.7316,2,1,0.0,-1.0,0.0,0.0,0.0,0.0,0.0
PJ0134,2026-03-28,32,2,0.9651,5,1,0.0,-1.0,0.0,0.0,0.0,0.0,0.0
PJ0135,2026-06-30,55,2,0.0798,2,1,3.0,10.0,2.0,1.0,3.0,0.0,0.0
PJ0136,2026-03-28,21,1,0.3598,5,1,2.0,5.0,2.0,0.0,2.0,0.0,0.0
PJ0137,2026-03-28,18,1,0.3841,1,1,3.0,9.0,2.0,1.0,2.0,1.0,1.0
PJ0138,2026-06-30,51,2,0.2689,1,0,1.0,17.0,1.0,0.0,1.0,0.0,0.0
PJ0139,2026-05-28,20,1,0.5128,1,0,1.0,22.0,1.0,0.0,1.0,0.0,0.0
PJ0140,2026-06-30,29,1,0.8507,4,1,1.0,2.0,1.0,0.0,1.0,0.0,0.0
PJ0141,2026-02-28,5,1,0.4628,2,1,0.0,-1.0,0.0,0.0,0.0,0.0,0.0
PJ0142,2026-06-30,10,2,0.6651,5,0,1.0,25.0,1.0,0.0,1.0,0.0,0.0
PJ0143,2026-03-28,14,1,0.4727,2,1,1.0,6.0,1.0,0.0,1.0,0.0,0.0
PJ0144,2026-05-28,88,3,0.5321,3,0,2.0,18.0,1.0,1.0,1.0,0.0,0.0
PJ0145,2026-02-28,104,3,0.5747,6,0,0.0,-1.0,0.0,0.0,0.0,0.0,0.0
PJ0146,2026-01-28,21,2,0.5744,4,1,1.0,29.0,1.0,0.0,1.0,0.0,0.0
PJ0147,2026-05-28,26,1,0.7492,3,1,2.0,11.0,2.0,0.0,2.0,0.0,0.0
PJ0148,2026-05-28,59,1,0.5154,1,0,3.0,2.0,3.0,0.0,2.0,1.0,1.0
PJ0149,2026-02-28,22,1,0.5656,1,1,0.0,-1.0,0.0,0.0,0.0,0.0,0.0
PJ0150,2026-02-28,95,4,0.8761,2,0,2.0,4.0,2.0,0.0,1.0,1.0,1.0
PJ0151,2026-05-28,37,2,0.4244,3,1,3.0,4.0,3.0,0.0,1.0,0.0,0.0
PJ0152,2026-01-28,75,4,0.3804,3,0,2.0,5.0,1.0,1.0,2.0,1.0,1.0
PJ0153,2026-05-28,42,3,0.3356,1,0,1.0,3.0,1.0,0.0,1.0,0.0,0.0
PJ0154,2026-02-28,51,2,0.5375,2,1,0.0,-1.0,0.0,0.0,0.0,0.0,0.0
PJ0155,2026-03-28,50,2,0.3557,1,1,3.0,19.0,3.0,0.0,1.0,0.0,0.0
PJ0156,2026-05-28,72,4,0.4918,1,0,0.0,-1.0,0.0,0.0,0.0,0.0,0.0
PJ0157,2026-04-30,28,1,0.5962,1,1,0.0,-1.0,0.0,0.0,0.0,0.0,0.0
PJ0158,2026-03-28,25,1,0.3572,2,1,1.0,5.0,1.0,0.0,1.0,0.0,0.0
PJ0159,2026-06-30,57,2,0.7468,1,0,2.0,4.0,1.0,1.0,1.0,0.0,0.0
PJ0160,2026-04-30,32,2,0.5597,1,1,0.0,-1.0,0.0,0.0,0.0,0.0,0.0
PJ0161,2026-04-30,13,2,0.3273,3,1,2.0,11.0,1.0,1.0,1.0,0.0,0.0
PJ0162,2026-03-28,87,3,0.5108,1,0,1.0,4.0,1.0,0.0,1.0,0.0,0.0
PJ0163,2026-03-28,39,2,0.1268,4,0,1.0,3.0,1.0,0.0,1.0,1.0,1.0
PJ0164,2026-04-30,40,1,0.3051,2,1,2.0,6.0,2.0,0.0,2.0,0.0,0.0
PJ0165,2026-05-28,17,1,0.3883,4,0,2.0,19.0,2.0,0.0,1.0,1.0,1.0
PJ0166,2026-03-28,11,1,0.6202,6,1,0.0,-1.0,0.0,0.0,0.0,0.0,0.0
PJ0167,2026-01-28,31,3,0.491,1,1,0.0,-1.0,0.0,0.0,0.0,0.0,0.0
PJ0168,2026-04-30,58,1,0.7717,3,1,4.0,10.0,3.0,1.0,3.0,0.0,0.0
PJ0169,2026-04-30,9,1,0.6049,3,0,0.0,-1.0,0.0,0.0,0.0,0.0,0.0
PJ0170,2026-04-30,54,2,0.5229,3,1,0.0,-1.0,0.0,0.0,0.0,0.0,0.0
PJ0171,2026-06-30,119,4,0.4904,2,0,3.0,1.0,3.0,0.0,3.0,0.0,0.0
PJ0172,2026-01-28,66,4,0.6266,1,0,3.0,19.0,3.0,0.0,2.0,0.0,0.0
PJ0173,2026-04-30,111,4,0.6579,2,0,1.0,10.0,0.0,1.0,1.0,0.0,0.0
PJ0174,2026-03-28,68,4,0.5796,5,0,4.0,1.0,3.0,1.0,3.0,1.0,1.0
PJ0175,2026-03-28,41,2,0.5313,2,0,2.0,16.0,1.0,1.0,2.0,1.0,1.0
PJ0176,2026-04-30,54,3,0.6793,3,1,2.0,8.0,2.0,0.0,1.0,1.0,1.0
PJ0177,2026-02-28,62,4,0.5124,1,0,1.0,21.0,1.0,0.0,1.0,0.0,0.0
PJ0178,2026-02-28,12,1,0.4677,2,1,0.0,-1.0,0.0,0.0,0.0,0.0,0.0
PJ0179,2026-05-28,30,2,0.4659,3,1,1.0,25.0,1.0,0.0,1.0,0.0,0.0
PJ0180,2026-06-30,39,2,0.4455,3,1,4.0,6.0,3.0,1.0,2.0,1.0,1.0
PJ0181,2026-06-30,42,2,0.475,2,1,2.0,2.0,2.0,0.0,2.0,1.0,1.0
PJ0182,2026-02-28,43,2,0.733,1,1,0.0,-1.0,0.0,0.0,0.0,0.0,0.0
PJ0183,2026-03-28,36,3,0.4429,4,1,1.0,30.0,0.0,1.0,1.0,0.0,0.0
PJ0184,2026-04-30,32,2,0.5172,2,1,1.0,1.0,1.0,0.0,1.0,0.0,0.0
PJ0185,2026-06-30,25,1,0.4363,2,0,1.0,27.0,0.0,1.0,1.0,0.0,0.0
PJ0186,2026-04-30,80,3,0.4719,4,0,2.0,1.0,1.0,1.0,2.0,0.0,0.0
PJ0187,2026-03-28,11,1,0.5003,2,1,1.0,7.0,1.0,0.0,1.0,0.0,0.0
PJ0188,2026-02-28,31,3,0.3736,4,1,1.0,15.0,0.0,1.0,1.0,0.0,0.0
PJ0189,2026-03-28,129,5,0.4105,2,0,2.0,20.0,2.0,0.0,2.0,1.0,1.0
PJ0190,2026-02-28,52,1,0.6636,1,1,1.0,14.0,1.0,0.0,1.0,0.0,0.0
PJ0191,2026-01-28,48,2,0.6335,1,0,2.0,10.0,1.0,1.0,1.0,1.0,1.0
PJ0192,2026-06-30,21,2,0.2525,2,1,0.0,-1.0,0.0,0.0,0.0,0.0,0.0
PJ0193,2026-04-30,9,1,0.5856,3,1,0.0,-1.0,0.0,0.0,0.0,0.0,0.0
PJ0194,2026-05-28,37,2,0.5322,3,1,1.0,9.0,1.0,0.0,1.0,0.0,0.0
PJ0195,2026-01-28,41,3,0.4556,3,1,3.0,5.0,3.0,0.0,3.0,0.0,0.0
PJ0196,2026-05-28,9,1,0.426,4,0,0.0,-1.0,0.0,0.0,0.0,0.0,0.0
PJ0197,2026-03-28,27,2,0.3327,2,1,0.0,-1.0,0.0,0.0,0.0,0.0,0.0
PJ0198,2026-02-28,11,1,0.6409,1,1,2.0,17.0,2.0,0.0,2.0,0.0,0.0
PJ0199,2026-05-28,29,1,0.7361,3,1,2.0,20.0,2.0,0.0,2.0,0.0,0.0
PJ0200,2026-05-28,22,1,0.3055,1,1,3.0,7.0,2.0,1.0,3.0,0.0,0.0
PJ0201,2026-03-28,56,2,0.5134,6,1,2.0,3.0,1.0,1.0,2.0,0.0,0.0
PJ0202,2026-03-28,101,3,0.1506,4,0,2.0,4.0,0.0,2.0,2.0,0.0,0.0
PJ0203,2026-02-28,25,1,0.6367,2,1,0.0,-1.0,0.0,0.0,0.0,0.0,0.0
PJ0204,2026-05-28,25,1,0.619,1,1,2.0,20.0,2.0,0.0,2.0,0.0,0.0
PJ0205,2026-03-28,19,1,0.5623,3,0,1.0,28.0,1.0,0.0,1.0,0.0,0.0
PJ0206,2026-01-28,87,4,0.537,2,0,2.0,3.0,2.0,0.0,2.0,0.0,0.0
PJ0207,2026-06-30,101,3,0.4665,3,0,1.0,11.0,1.0,0.0,1.0,0.0,0.0
PJ0208,2026-05-28,73,2,0.376,1,1,3.0,5.0,3.0,0.0,3.0,0.0,0.0
PJ0209,2026-04-30,62,2,0.2329,2,1,1.0,1.0,1.0,0.0,1.0,1.0,1.0
PJ0210,2026-01-28,66,3,0.5374,2,0,1.0,5.0,1.0,0.0,1.0,0.0,0.0
PJ0211,2026-05-28,47,1,0.4061,3,0,1.0,22.0,0.0,1.0,1.0,0.0,0.0
PJ0212,2026-03-28,14,1,0.7684,3,0,1.0,18.0,0.0,1.0,1.0,0.0,0.0
PJ0213,2026-04-30,7,1,0.8864,2,0,0.0,-1.0,0.0,0.0,0.0,0.0,0.0
PJ0214,2026-01-28,34,2,0.4262,2,1,2.0,5.0,0.0,2.0,2.0,1.0,1.0
PJ0215,2026-05-28,10,2,0.4911,6,1,0.0,-1.0,0.0,0.0,0.0,0.0,0.0
PJ0216,2026-03-28,39,2,0.5102,1,0,4.0,14.0,3.0,1.0,2.0,0.0,0.0
PJ0217,2026-02-28,28,1,0.6757,5,1,2.0,3.0,1.0,1.0,2.0,0.0,0.0
PJ0218,2026-01-28,64,3,0.4503,3,1,1.0,19.0,1.0,0.0,1.0,0.0,0.0
PJ0219,2026-04-30,17,1,0.3357,2,1,2.0,16.0,1.0,1.0,2.0,0.0,0.0
PJ0220,2026-06-30,17,1,0.2624,1,0,0.0,-1.0,0.0,0.0,0.0,0.0,0.0
PJ0221,2026-04-30,13,1,0.3719,4,1,1.0,26.0,0.0,1.0,1.0,0.0,0.0
PJ0222,2026-02-28,64,2,0.4502,1,1,0.0,-1.0,0.0,0.0,0.0,0.0,0.0
PJ0223,2026-03-28,22,1,0.5764,1,1,2.0,1.0,2.0,0.0,2.0,0.0,0.0
PJ0224,2026-06-30,61,2,0.4189,3,0,1.0,22.0,1.0,0.0,1.0,0.0,0.0
PJ0225,2026-01-28,71,3,0.3921,2,0,2.0,1.0,2.0,0.0,2.0,0.0,0.0
PJ0226,2026-02-28,17,1,0.4696,1,1,2.0,10.0,2.0,0.0,1.0,0.0,0.0
PJ0227,2026-04-30,37,1,0.4514,2,0,1.0,11.0,1.0,0.0,1.0,0.0,0.0
PJ0228,2026-03-28,24,2,0.4784,3,1,1.0,28.0,1.0,0.0,1.0,0.0,0.0
PJ0229,2026-04-30,42,1,0.2859,1,1,0.0,-1.0,0.0,0.0,0.0,0.0,0.0
PJ0230,2026-04-30,27,1,0.824,5,1,0.0,-1.0,0.0,0.0,0.0,0.0,0.0
PJ0231,2026-06-30,71,2,0.473,6,0,1.0,3.0,1.0,0.0,1.0,1.0,1.0
PJ0232,2026-01-28,16,2,0.3553,2,1,0.0,-1.0,0.0,0.0,0.0,0.0,0.0
PJ0233,2026-03-28,39,1,0.4262,1,1,1.0,21.0,1.0,0.0,1.0,0.0,0.0
PJ0234,2026-04-30,65,2,0.1529,6,0,1.0,4.0,1.0,0.0,1.0,0.0,0.0
PJ0235,2026-02-28,19,1,0.2977,6,0,2.0,12.0,2.0,0.0,1.0,0.0,0.0
PJ0236,2026-01-28,88,2,0.3803,1,0,0.0,-1.0,0.0,0.0,0.0,0.0,0.0
PJ0237,2026-01-28,23,1,0.5424,2,1,3.0,6.0,2.0,1.0,2.0,0.0,0.0
PJ0238,2026-03-28,101,4,0.293,2,0,2.0,24.0,2.0,0.0,2.0,0.0,0.0
PJ0239,2026-01-28,58,3,0.5872,2,0,1.0,11.0,0.0,1.0,1.0,0.0,0.0
PJ0240,2026-06-30,54,2,0.3355,2,0,2.0,3.0,1.0,1.0,2.0,1.0,1.0
PJ0241,2026-04-30,36,2,0.4308,2,1,1.0,14.0,1.0,0.0,1.0,1.0,1.0
PJ0242,2026-06-30,1,1,0.1865,6,1,2.0,6.0,0.0,2.0,2.0,1.0,1.0
PJ0243,2026-04-30,42,2,0.8862,3,1,1.0,1.0,1.0,0.0,1.0,0.0,0.0
PJ0244,2026-05-28,6,1,0.5502,1,0,2.0,21.0,2.0,0.0,2.0,0.0,0.0
PJ0245,2026-01-28,70,4,0.5831,1,1,1.0,14.0,1.0,0.0,1.0,0.0,0.0
PJ0246,2026-03-28,110,5,0.373,1,0,0.0,-1.0,0.0,0.0,0.0,0.0,0.0
PJ0247,2026-03-28,53,2,0.5093,1,0,1.0,2.0,1.0,0.0,1.0,0.0,0.0
PJ0248,2026-01-28,37,1,0.5521,3,0,2.0,4.0,2.0,0.0,2.0,0.0,0.0
PJ0249,2026-04-30,15,1,0.6101,1,1,0.0,-1.0,0.0,0.0,0.0,0.0,0.0
PJ0250,2026-03-28,23,1,0.3143,1,1,0.0,-1.0,0.0,0.0,0.0,0.0,0.0
PJ0251,2026-01-28,6,2,0.4992,2,1,3.0,10.0,3.0,0.0,2.0,1.0,1.0
PJ0252,2026-03-28,46,3,0.5901,6,0,1.0,13.0,1.0,0.0,1.0,0.0,0.0
PJ0253,2026-02-28,33,3,0.6284,3,0,2.0,11.0,2.0,0.0,1.0,1.0,1.0
PJ0254,2026-05-28,36,1,0.418,4,0,2.0,11.0,2.0,0.0,2.0,0.0,0.0
PJ0255,2026-04-30,9,2,0.6079,1,1,0.0,-1.0,0.0,0.0,0.0,0.0,0.0
PJ0256,2026-06-30,122,5,0.8527,1,0,3.0,4.0,3.0,0.0,2.0,0.0,0.0
PJ0257,2026-02-28,9,1,0.6103,2,1,1.0,13.0,1.0,0.0,1.0,0.0,0.0
PJ0258,2026-01-28,46,2,0.4946,4,1,0.0,-1.0,0.0,0.0,0.0,0.0,0.0
PJ0259,2026-01-28,19,1,0.5414,1,1,0.0,-1.0,0.0,0.0,0.0,0.0,0.0
PJ0260,2026-03-28,60,1,0.3998,2,0,1.0,6.0,1.0,0.0,1.0,0.0,0.0
PJ0261,2026-05-28,21,1,0.614,3,1,1.0,3.0,1.0,0.0,1.0,0.0,0.0
PJ0262,2026-03-28,180,6,0.1888,6,0,3.0,11.0,1.0,2.0,2.0,0.0,0.0
PJ0263,2026-02-28,67,2,0.4946,1,0,0.0,-1.0,0.0,0.0,0.0,0.0,0.0
PJ0264,2026-01-28,23,1,0.5723,1,1,1.0,12.0,0.0,1.0,1.0,0.0,0.0
PJ0265,2026-03-28,22,1,0.828,1,1,2.0,2.0,0.0,2.0,1.0,0.0,0.0
PJ0266,2026-04-30,16,1,0.4003,2,1,4.0,1.0,4.0,0.0,3.0,1.0,1.0
PJ0267,2026-01-28,11,1,0.4697,1,0,1.0,27.0,1.0,0.0,1.0,0.0,0.0
PJ0268,2026-06-30,175,5,0.2284,2,0,2.0,10.0,1.0,1.0,1.0,1.0,1.0
PJ0269,2026-06-30,53,3,0.6164,3,0,0.0,-1.0,0.0,0.0,0.0,0.0,0.0
PJ0270,2026-01-28,90,2,0.3707,1,0,2.0,11.0,2.0,0.0,2.0,0.0,0.0
PJ0271,2026-03-28,30,2,0.4021,4,1,1.0,2.0,0.0,1.0,1.0,0.0,0.0
PJ0272,2026-06-30,17,1,0.8476,5,0,2.0,7.0,0.0,2.0,2.0,0.0,0.0
PJ0273,2026-05-28,62,2,0.5877,1,1,1.0,22.0,0.0,1.0,1.0,0.0,0.0
PJ0274,2026-03-28,24,1,0.4354,2,0,1.0,29.0,0.0,1.0,1.0,0.0,0.0
PJ0275,2026-01-28,8,1,0.7892,4,1,1.0,28.0,1.0,0.0,1.0,0.0,0.0
PJ0276,2026-02-28,4,1,0.3573,1,1,0.0,-1.0,0.0,0.0,0.0,0.0,0.0
PJ0277,2026-02-28,21,1,0.4179,1,1,3.0,7.0,3.0,0.0,2.0,0.0,0.0
PJ0278,2026-06-30,31,1,0.8882,2,0,1.0,30.0,1.0,0.0,1.0,0.0,0.0
PJ0279,2026-03-28,25,1,1.1013,2,1,5.0,2.0,5.0,0.0,3.0,0.0,0.0
PJ0280,2026-05-28,9,2,0.7039,3,1,2.0,14.0,1.0,1.0,2.0,0.0,0.0
PJ0281,2026-02-28,45,3,0.5008,4,1,1.0,7.0,1.0,0.0,1.0,0.0,0.0
PJ0282,2026-04-30,34,1,0.3342,1,1,1.0,20.0,0.0,1.0,1.0,0.0,0.0
PJ0283,2026-01-28,19,2,0.5335,1,0,0.0,-1.0,0.0,0.0,0.0,0.0,0.0
PJ0284,2026-06-30,52,1,0.4066,4,1,1.0,26.0,1.0,0.0,1.0,0.0,0.0
PJ0285,2026-02-28,38,2,0.4309,3,1,0.0,-1.0,0.0,0.0,0.0,0.0,0.0
PJ0286,2026-03-28,13,1,0.4433,1,1,2.0,9.0,2.0,0.0,1.0,1.0,1.0
PJ0287,2026-04-30,50,3,0.7157,1,0,1.0,9.0,1.0,0.0,1.0,0.0,0.0
PJ0288,2026-03-28,4,2,0.501,2,0,4.0,11.0,4.0,0.0,3.0,0.0,0.0
PJ0289,2026-05-28,30,1,0.4584,3,0,0.0,-1.0,0.0,0.0,0.0,0.0,0.0
PJ0290,2026-02-28,62,2,0.5482,2,1,1.0,8.0,1.0,0.0,1.0,0.0,0.0
PJ0291,2026-01-28,27,1,0.5676,3,0,2.0,17.0,2.0,0.0,2.0,0.0,0.0
PJ0292,2026-03-28,5,1,0.4941,3,1,1.0,8.0,1.0,0.0,1.0,0.0,0.0
PJ0293,2026-03-28,62,3,0.3916,1,0,0.0,-1.0,0.0,0.0,0.0,0.0,0.0
PJ0294,2026-02-28,16,1,0.4817,2,1,2.0,20.0,2.0,0.0,2.0,0.0,0.0
PJ0295,2026-01-28,48,3,0.3729,2,1,1.0,11.0,1.0,0.0,1.0,0.0,0.0
PJ0296,2026-04-30,18,1,0.4665,2,0,1.0,20.0,1.0,0.0,1.0,0.0,0.0
PJ0297,2026-06-30,59,3,0.1482,2,0,0.0,-1.0,0.0,0.0,0.0,0.0,0.0
PJ0298,2026-03-28,39,2,0.3814,2,1,1.0,7.0,0.0,1.0,1.0,0.0,0.0
PJ0299,2026-04-30,73,3,0.3088,2,0,0.0,-1.0,0.0,0.0,0.0,0.0,0.0
PJ0300,2026-06-30,63,3,0.5246,1,1,1.0,3.0,1.0,0.0,1.0,0.0,0.0
PJ0301,2026-04-30,11,1,0.9085,2,0,1.0,26.0,1.0,0.0,1.0,0.0,0.0
PJ0302,2026-03-28,58,2,0.7247,1,0,0.0,-1.0,0.0,0.0,0.0,0.0,0.0
PJ0303,2026-05-28,38,2,0.6086,6,1,1.0,2.0,1.0,0.0,1.0,0.0,0.0
PJ0304,2026-01-28,9,1,0.3812,2,0,0.0,-1.0,0.0,0.0,0.0,0.0,0.0
PJ0305,2026-02-28,59,2,0.23,1,0,0.0,-1.0,0.0,0.0,0.0,0.0,0.0
PJ0306,2026-05-28,67,3,0.5047,2,0,0.0,-1.0,0.0,0.0,0.0,0.0,0.0
PJ0307,2026-03-28,34,1,0.2312,2,1,0.0,-1.0,0.0,0.0,0.0,0.0,0.0
PJ0308,2026-06-30,17,1,0.3933,4,1,1.0,15.0,1.0,0.0,1.0,0.0,0.0
PJ0309,2026-01-28,5,1,0.4691,1,1,1.0,22.0,1.0,0.0,1.0,0.0,0.0
PJ0310,2026-03-28,13,1,0.4994,3,1,1.0,16.0,1.0,0.0,1.0,0.0,0.0
PJ0311,2026-04-30,24,1,0.3896,2,0,2.0,3.0,2.0,0.0,2.0,0.0,0.0
PJ0312,2026-03-28,4,1,0.7857,2,1,0.0,-1.0,0.0,0.0,0.0,0.0,0.0
PJ0313,2026-06-30,8,1,0.7554,2,1,1.0,28.0,1.0,0.0,1.0,0.0,0.0
PJ0314,2026-02-28,27,1,0.5903,4,1,1.0,7.0,1.0,0.0,1.0,0.0,0.0
PJ0315,2026-02-28,59,2,0.8661,2,0,1.0,13.0,1.0,0.0,1.0,0.0,0.0
PJ0316,2026-02-28,16,2,0.4505,1,1,0.0,-1.0,0.0,0.0,0.0,0.0,0.0
PJ0317,2026-04-30,26,1,0.682,3,1,1.0,3.0,1.0,0.0,1.0,0.0,0.0
PJ0318,2026-02-28,46,1,0.7455,1,0,1.0,29.0,1.0,0.0,1.0,0.0,0.0
PJ0319,2026-02-28,87,3,0.3216,2,0,2.0,16.0,2.0,0.0,2.0,0.0,0.0
PJ0320,2026-04-30,133,6,0.4049,3,0,0.0,-1.0,0.0,0.0,0.0,0.0,0.0
PJ0321,2026-02-28,42,3,0.3758,4,1,2.0,2.0,2.0,0.0,2.0,0.0,0.0
PJ0322,2026-06-30,83,3,0.5257,1,0,1.0,10.0,1.0,0.0,1.0,0.0,0.0
PJ0323,2026-06-30,67,2,0.6897,3,0,3.0,1.0,3.0,0.0,3.0,0.0,0.0
PJ0324,2026-05-28,32,3,0.5493,3,0,1.0,30.0,0.0,1.0,1.0,0.0,0.0
PJ0325,2026-03-28,43,2,0.4747,3,1,1.0,5.0,0.0,1.0,1.0,0.0,0.0
PJ0326,2026-01-28,13,1,0.796,1,1,0.0,-1.0,0.0,0.0,0.0,0.0,0.0
PJ0327,2026-04-30,44,2,0.5358,2,1,3.0,2.0,3.0,0.0,3.0,0.0,0.0
PJ0328,2026-04-30,16,1,0.3253,1,0,0.0,-1.0,0.0,0.0,0.0,0.0,0.0
PJ0329,2026-05-28,16,1,0.3511,3,1,1.0,19.0,1.0,0.0,1.0,0.0,0.0
PJ0330,2026-04-30,97,5,0.3547,4,0,3.0,4.0,2.0,1.0,3.0,1.0,2.0
PJ0331,2026-01-28,10,1,0.8231,2,1,1.0,27.0,1.0,0.0,1.0,0.0,0.0
PJ0332,2026-03-28,71,2,0.3141,1,1,1.0,27.0,1.0,0.0,1.0,0.0,0.0
PJ0333,2026-03-28,95,5,0.635,2,1,0.0,-1.0,0.0,0.0,0.0,0.0,0.0
PJ0334,2026-06-30,180,5,0.5058,6,0,0.0,-1.0,0.0,0.0,0.0,0.0,0.0
PJ0335,2026-03-28,15,1,0.3431,2,1,1.0,14.0,1.0,0.0,1.0,0.0,0.0
PJ0336,2026-05-28,46,1,0.4879,2,1,3.0,4.0,2.0,1.0,3.0,0.0,0.0
PJ0337,2026-04-30,45,2,0.2206,1,1,1.0,7.0,0.0,1.0,1.0,0.0,0.0
PJ0338,2026-05-28,44,2,0.5109,3,1,0.0,-1.0,0.0,0.0,0.0,0.0,0.0
PJ0339,2026-03-28,33,3,0.4628,3,0,2.0,17.0,1.0,1.0,2.0,0.0,0.0
PJ0340,2026-04-30,40,2,0.5065,3,1,2.0,4.0,2.0,0.0,1.0,0.0,0.0
PJ0341,2026-04-30,41,2,0.5009,6,1,0.0,-1.0,0.0,0.0,0.0,0.0,0.0
PJ0342,2026-03-28,9,1,0.3843,6,0,0.0,-1.0,0.0,0.0,0.0,0.0,0.0
PJ0343,2026-03-28,70,3,0.7353,6,0,0.0,-1.0,0.0,0.0,0.0,0.0,0.0
PJ0344,2026-06-30,22,1,1.0389,1,0,0.0,-1.0,0.0,0.0,0.0,0.0,0.0
PJ0345,2026-04-30,16,1,0.6091,2,1,1.0,26.0,1.0,0.0,1.0,0.0,0.0
PJ0346,2026-03-28,28,1,0.4744,2,0,0.0,-1.0,0.0,0.0,0.0,0.0,0.0
PJ0347,2026-06-30,6,1,0.418,1,0,2.0,15.0,2.0,0.0,1.0,0.0,0.0
PJ0348,2026-03-28,46,2,0.5892,1,0,1.0,26.0,1.0,0.0,1.0,0.0,0.0
PJ0349,2026-02-28,62,3,0.228,2,0,0.0,-1.0,0.0,0.0,0.0,0.0,0.0
PJ0350,2026-03-28,31,1,0.3361,1,0,3.0,7.0,2.0,1.0,2.0,1.0,1.0
PJ0351,2026-06-30,55,3,1.0037,2,1,2.0,7.0,2.0,0.0,2.0,1.0,1.0
PJ0352,2026-03-28,57,2,0.4486,3,1,1.0,25.0,0.0,1.0,1.0,0.0,0.0
PJ0353,2026-06-30,32,3,0.29,1,1,1.0,2.0,1.0,0.0,1.0,0.0,0.0
PJ0354,2026-05-28,21,1,0.389,1,0,0.0,-1.0,0.0,0.0,0.0,0.0,0.0
PJ0355,2026-01-28,8,1,0.4834,4,1,0.0,-1.0,0.0,0.0,0.0,0.0,0.0
PJ0356,2026-06-30,134,4,0.4501,1,0,1.0,26.0,1.0,0.0,1.0,0.0,0.0
PJ0357,2026-03-28,35,3,0.5177,1,1,0.0,-1.0,0.0,0.0,0.0,0.0,0.0
PJ0358,2026-03-28,47,2,0.7829,4,1,0.0,-1.0,0.0,0.0,0.0,0.0,0.0
PJ0359,2026-02-28,12,1,0.9746,1,1,0.0,-1.0,0.0,0.0,0.0,0.0,0.0
PJ0360,2026-06-30,32,2,0.5667,1,0,0.0,-1.0,0.0,0.0,0.0,0.0,0.0
PJ0361,2026-01-28,60,2,0.4288,6,0,1.0,5.0,1.0,0.0,1.0,0.0,0.0
PJ0362,2026-02-28,12,1,0.2704,2,1,1.0,14.0,1.0,0.0,1.0,0.0,0.0
PJ0363,2026-03-28,21,1,0.5708,1,1,1.0,10.0,1.0,0.0,1.0,0.0,0.0
PJ0364,2026-06-30,24,1,0.502,2,1,1.0,3.0,1.0,0.0,1.0,0.0,0.0
PJ0365,2026-06-30,53,2,0.2454,1,1,1.0,4.0,1.0,0.0,1.0,0.0,0.0
PJ0366,2026-02-28,16,1,0.447,1,0,1.0,22.0,1.0,0.0,1.0,1.0,1.0
PJ0367,2026-06-30,35,2,0.4481,3,1,2.0,4.0,2.0,0.0,1.0,1.0,1.0
PJ0368,2026-04-30,57,1,0.6974,3,0,0.0,-1.0,0.0,0.0,0.0,0.0,0.0
PJ0369,2026-03-28,63,4,0.5512,2,0,0.0,-1.0,0.0,0.0,0.0,0.0,0.0
PJ0370,2026-05-28,69,2,0.2754,1,1,0.0,-1.0,0.0,0.0,0.0,0.0,0.0
PJ0371,2026-03-28,29,1,0.3237,2,1,1.0,19.0,0.0,1.0,1.0,0.0,0.0
PJ0372,2026-05-28,20,1,0.5633,3,1,2.0,17.0,0.0,2.0,2.0,0.0,0.0
PJ0373,2026-01-28,38,1,0.2908,2,0,3.0,16.0,2.0,1.0,3.0,1.0,1.0
PJ0374,2026-05-28,53,3,0.5976,6,0,1.0,20.0,1.0,0.0,1.0,0.0,0.0
PJ0375,2026-02-28,94,4,0.4585,3,1,2.0,5.0,2.0,0.0,2.0,1.0,1.0
PJ0376,2026-03-28,32,1,0.6616,1,1,0.0,-1.0,0.0,0.0,0.0,0.0,0.0
PJ0377,2026-01-28,97,4,0.5319,2,0,2.0,5.0,2.0,0.0,2.0,0.0,0.0
PJ0378,2026-06-30,1,1,0.2852,2,0,1.0,30.0,0.0,1.0,1.0,0.0,0.0
PJ0379,2026-06-30,29,1,0.5406,2,0,4.0,1.0,3.0,1.0,4.0,1.0,1.0
PJ0380,2026-06-30,73,2,0.6325,4,0,2.0,3.0,2.0,0.0,2.0,0.0,0.0
PJ0381,2026-06-30,26,1,0.5669,4,1,0.0,-1.0,0.0,0.0,0.0,0.0,0.0
PJ0382,2026-05-28,37,3,0.2969,1,0,0.0,-1.0,0.0,0.0,0.0,0.0,0.0
PJ0383,2026-01-28,63,2,0.3887,1,1,0.0,-1.0,0.0,0.0,0.0,0.0,0.0
PJ0384,2026-06-30,66,4,0.5067,2,1,2.0,8.0,0.0,2.0,1.0,1.0,2.0
PJ0385,2026-06-30,51,2,0.8225,3,0,1.0,11.0,1.0,0.0,1.0,0.0,0.0
PJ0386,2026-01-28,18,2,0.4549,1,1,0.0,-1.0,0.0,0.0,0.0,0.0,0.0
PJ0387,2026-04-30,56,3,0.6063,1,0,4.0,9.0,3.0,1.0,3.0,1.0,1.0
PJ0388,2026-01-28,20,1,0.6186,5,0,0.0,-1.0,0.0,0.0,0.0,0.0,0.0
PJ0389,2026-06-30,112,4,0.3306,4,0,3.0,1.0,2.0,1.0,1.0,0.0,0.0
PJ0390,2026-05-28,51,1,0.4533,2,0,3.0,6.0,1.0,2.0,2.0,1.0,1.0
PJ0391,2026-05-28,77,2,0.2998,2,1,2.0,3.0,2.0,0.0,1.0,0.0,0.0
PJ0392,2026-04-30,30,1,0.7862,3,1,1.0,2.0,1.0,0.0,1.0,0.0,0.0
PJ0393,2026-02-28,41,3,0.0795,1,1,0.0,-1.0,0.0,0.0,0.0,0.0,0.0
PJ0394,2026-05-28,10,1,0.4513,2,0,1.0,12.0,1.0,0.0,1.0,1.0,1.0
PJ0395,2026-04-30,62,3,0.4429,1,0,1.0,28.0,0.0,1.0,1.0,0.0,0.0
PJ0396,2026-06-30,73,3,0.5535,1,0,2.0,16.0,1.0,1.0,2.0,0.0,0.0
PJ0397,2026-05-28,49,2,0.6281,1,0,1.0,25.0,1.0,0.0,1.0,0.0,0.0
PJ0398,2026-03-28,56,2,0.3036,1,1,1.0,4.0,1.0,0.0,1.0,0.0,0.0
PJ0399,2026-05-28,77,4,0.5261,3,0,2.0,1.0,1.0,1.0,2.0,0.0,0.0
PJ0400,2026-03-28,30,1,0.5933,3,1,1.0,22.0,0.0,1.0,1.0,0.0,0.0
PJ0401,2026-06-30,33,2,0.5656,1,1,2.0,5.0,0.0,2.0,2.0,0.0,0.0
PJ0402,2026-03-28,78,4,0.4157,4,0,2.0,4.0,2.0,0.0,2.0,0.0,0.0
PJ0403,2026-03-28,92,3,0.4048,4,0,0.0,-1.0,0.0,0.0,0.0,0.0,0.0
PJ0404,2026-01-28,19,1,0.8497,1,1,2.0,26.0,1.0,1.0,2.0,0.0,0.0
PJ0405,2026-02-28,38,2,0.401,3,0,1.0,7.0,1.0,0.0,1.0,0.0,0.0
PJ0406,2026-04-30,27,2,0.4616,1,0,1.0,10.0,1.0,0.0,1.0,0.0,0.0
PJ0407,2026-04-30,87,3,0.3474,3,1,0.0,-1.0,0.0,0.0,0.0,0.0,0.0
PJ0408,2026-02-28,18,1,0.3925,2,1,1.0,9.0,1.0,0.0,1.0,0.0,0.0
PJ0409,2026-03-28,114,4,0.389,1,0,0.0,-1.0,0.0,0.0,0.0,0.0,0.0
PJ0410,2026-06-30,15,1,0.4723,1,0,0.0,-1.0,0.0,0.0,0.0,0.0,0.0
PJ0411,2026-05-28,42,2,0.5391,2,1,2.0,4.0,2.0,0.0,2.0,0.0,0.0
PJ0412,2026-03-28,38,1,0.3713,1,0,0.0,-1.0,0.0,0.0,0.0,0.0,0.0
PJ0413,2026-02-28,36,2,0.6108,2,0,0.0,-1.0,0.0,0.0,0.0,0.0,0.0
PJ0414,2026-06-30,14,1,0.4503,3,0,3.0,4.0,2.0,1.0,2.0,0.0,0.0
PJ0415,2026-03-28,31,1,0.4184,3,1,1.0,1.0,1.0,0.0,1.0,1.0,1.0
PJ0416,2026-03-28,47,1,0.8889,1,0,0.0,-1.0,0.0,0.0,0.0,0.0,0.0
PJ0417,2026-02-28,20,1,0.4638,5,1,1.0,3.0,0.0,1.0,1.0,1.0,1.0
PJ0418,2026-05-28,14,1,0.3993,1,1,1.0,24.0,0.0,1.0,1.0,0.0,0.0
PJ0419,2026-05-28,22,1,0.7436,4,0,1.0,15.0,1.0,0.0,1.0,1.0,1.0
PJ0420,2026-01-28,132,5,0.9266,2,0,1.0,4.0,1.0,0.0,1.0,0.0,0.0
PJ0421,2026-02-28,26,1,0.6753,4,0,1.0,9.0,1.0,0.0,1.0,0.0,0.0
PJ0422,2026-04-30,42,2,0.3215,2,1,0.0,-1.0,0.0,0.0,0.0,0.0,0.0
PJ0423,2026-03-28,17,1,0.3808,2,1,1.0,4.0,1.0,0.0,1.0,0.0,0.0
PJ0424,2026-03-28,49,2,0.4756,1,1,0.0,-1.0,0.0,0.0,0.0,0.0,0.0
PJ0425,2026-02-28,22,1,0.4513,3,1,3.0,13.0,2.0,1.0,3.0,0.0,0.0
PJ0426,2026-03-28,20,1,0.7377,3,0,2.0,16.0,1.0,1.0,1.0,1.0,1.0
PJ0427,2026-02-28,37,1,0.3246,1,1,1.0,19.0,1.0,0.0,1.0,0.0,0.0
PJ0428,2026-01-28,12,1,0.4158,3,1,0.0,-1.0,0.0,0.0,0.0,0.0,0.0
PJ0429,2026-06-30,44,1,0.5477,2,1,2.0,5.0,0.0,2.0,2.0,0.0,0.0
PJ0430,2026-05-28,11,1,0.6763,2,0,0.0,-1.0,0.0,0.0,0.0,0.0,0.0
PJ0431,2026-06-30,95,3,0.51,2,0,0.0,-1.0,0.0,0.0,0.0,0.0,0.0
PJ0432,2026-01-28,2,1,0.2581,2,1,1.0,22.0,1.0,0.0,1.0,0.0,0.0
PJ0433,2026-05-28,142,5,0.3798,3,0,0.0,-1.0,0.0,0.0,0.0,0.0,0.0
PJ0434,2026-03-28,4,1,0.5432,3,1,0.0,-1.0,0.0,0.0,0.0,0.0,0.0
PJ0435,2026-06-30,42,1,0.6075,5,0,1.0,23.0,1.0,0.0,1.0,0.0,0.0
PJ0436,2026-03-28,28,1,0.5772,2,0,1.0,15.0,1.0,0.0,1.0,0.0,0.0
PJ0437,2026-06-30,66,2,0.558,4,0,0.0,-1.0,0.0,0.0,0.0,0.0,0.0
PJ0438,2026-05-28,24,1,0.55,2,0,0.0,-1.0,0.0,0.0,0.0,0.0,0.0
PJ0439,2026-05-28,53,3,0.7098,1,0,0.0,-1.0,0.0,0.0,0.0,0.0,0.0
PJ0440,2026-01-28,19,2,0.4607,2,1,0.0,-1.0,0.0,0.0,0.0,0.0,0.0
PJ0441,2026-03-28,66,2,0.4022,1,0,2.0,2.0,2.0,0.0,2.0,1.0,1.0
PJ0442,2026-03-28,13,1,0.4155,3,1,2.0,14.0,2.0,0.0,2.0,0.0,0.0
PJ0443,2026-02-28,12,1,0.396,5,1,0.0,-1.0,0.0,0.0,0.0,0.0,0.0
PJ0444,2026-04-30,11,1,0.326,4,1,1.0,7.0,1.0,0.0,1.0,0.0,0.0
PJ0445,2026-01-28,24,1,0.6163,2,1,5.0,1.0,1.0,4.0,4.0,0.0,0.0
PJ0446,2026-05-28,61,2,0.2638,1,0,1.0,25.0,1.0,0.0,1.0,1.0,1.0
PJ0447,2026-02-28,12,1,0.3159,1,1,1.0,18.0,1.0,0.0,1.0,0.0,0.0
PJ0448,2026-01-28,40,3,0.3025,4,1,0.0,-1.0,0.0,0.0,0.0,0.0,0.0
PJ0449,2026-04-30,71,3,0.5035,2,1,1.0,29.0,1.0,0.0,1.0,0.0,0.0
PJ0450,2026-01-28,8,1,0.4525,1,1,2.0,8.0,1.0,1.0,2.0,0.0,0.0
PJ0451,2026-05-28,9,1,0.5855,1,1,0.0,-1.0,0.0,0.0,0.0,0.0,0.0
PJ0452,2026-06-30,45,1,0.2085,2,0,0.0,-1.0,0.0,0.0,0.0,0.0,0.0
PJ0453,2026-02-28,68,3,0.3585,2,0,1.0,3.0,1.0,0.0,1.0,1.0,1.0
PJ0454,2026-02-28,26,1,0.3093,3,0,1.0,30.0,1.0,0.0,1.0,0.0,0.0
PJ0455,2026-06-30,44,1,0.501,1,0,0.0,-1.0,0.0,0.0,0.0,0.0,0.0
PJ0456,2026-06-30,18,1,0.5117,4,1,2.0,4.0,0.0,2.0,2.0,0.0,0.0
PJ0457,2026-06-30,44,1,0.3005,1,0,1.0,7.0,1.0,0.0,1.0,0.0,0.0
PJ0458,2026-01-28,10,1,0.3461,2,1,0.0,-1.0,0.0,0.0,0.0,0.0,0.0
PJ0459,2026-06-30,43,3,0.2505,3,1,1.0,17.0,1.0,0.0,1.0,0.0,0.0
PJ0460,2026-05-28,19,1,0.456,5,1,1.0,8.0,1.0,0.0,1.0,0.0,0.0
PJ0461,2026-01-28,20,1,0.639,6,0,2.0,5.0,2.0,0.0,1.0,1.0,1.0
PJ0462,2026-03-28,53,2,0.5257,2,0,1.0,24.0,1.0,0.0,1.0,1.0,1.0
PJ0463,2026-01-28,22,1,0.5981,3,0,3.0,8.0,2.0,1.0,3.0,0.0,0.0
PJ0464,2026-06-30,8,2,0.8161,3,1,1.0,9.0,0.0,1.0,1.0,0.0,0.0
PJ0465,2026-06-30,105,4,0.3169,2,0,0.0,-1.0,0.0,0.0,0.0,0.0,0.0
PJ0466,2026-06-30,6,1,0.4187,6,0,0.0,-1.0,0.0,0.0,0.0,0.0,0.0
PJ0467,2026-03-28,16,1,0.5557,1,1,1.0,2.0,1.0,0.0,1.0,0.0,0.0
PJ0468,2026-01-28,53,2,0.3428,2,0,4.0,2.0,4.0,0.0,3.0,0.0,0.0
PJ0469,2026-06-30,62,3,0.666,5,0,2.0,9.0,2.0,0.0,1.0,0.0,0.0
PJ0470,2026-03-28,50,2,0.4928,1,0,1.0,14.0,1.0,0.0,1.0,0.0,0.0
PJ0471,2026-04-30,14,1,0.6157,4,0,0.0,-1.0,0.0,0.0,0.0,0.0,0.0
PJ0472,2026-04-30,23,2,0.4035,1,1,1.0,12.0,1.0,0.0,1.0,0.0,0.0
PJ0473,2026-03-28,17,1,0.4672,2,0,2.0,3.0,2.0,0.0,2.0,1.0,1.0
PJ0474,2026-01-28,49,3,0.9116,3,0,0.0,-1.0,0.0,0.0,0.0,0.0,0.0
PJ0475,2026-02-28,19,1,0.6193,3,1,0.0,-1.0,0.0,0.0,0.0,0.0,0.0
PJ0476,2026-05-28,23,1,0.3834,2,0,3.0,3.0,1.0,2.0,2.0,1.0,2.0
PJ0477,2026-06-30,81,3,0.4964,2,0,2.0,1.0,2.0,0.0,2.0,0.0,0.0
PJ0478,2026-04-30,83,2,0.4127,1,1,1.0,24.0,0.0,1.0,1.0,0.0,0.0
PJ0479,2026-05-28,30,1,0.5018,1,1,1.0,7.0,1.0,0.0,1.0,0.0,0.0
PJ0480,2026-05-28,14,1,0.5361,3,0,1.0,1.0,0.0,1.0,1.0,0.0,0.0
PJ0481,2026-05-28,22,1,0.5694,2,1,3.0,7.0,2.0,1.0,2.0,1.0,1.0
PJ0482,2026-01-28,122,5,0.3355,2,1,1.0,8.0,1.0,0.0,1.0,0.0,0.0
PJ0483,2026-03-28,35,2,0.3288,1,1,2.0,14.0,2.0,0.0,2.0,0.0,0.0
PJ0484,2026-02-28,31,2,0.2535,3,0,0.0,-1.0,0.0,0.0,0.0,0.0,0.0
PJ0485,2026-03-28,53,2,0.4477,1,0,0.0,-1.0,0.0,0.0,0.0,0.0,0.0
PJ0486,2026-04-30,34,2,0.6131,2,1,1.0,24.0,1.0,0.0,1.0,0.0,0.0
PJ0487,2026-05-28,64,4,0.4803,3,0,1.0,19.0,1.0,0.0,1.0,0.0,0.0
PJ0488,2026-06-30,85,4,0.5043,1,0,1.0,19.0,1.0,0.0,1.0,0.0,0.0
PJ0489,2026-02-28,75,4,0.6581,1,0,1.0,12.0,1.0,0.0,1.0,0.0,0.0
PJ0490,2026-05-28,120,5,0.8528,2,0,1.0,28.0,1.0,0.0,1.0,0.0,0.0
PJ0491,2026-06-30,15,1,0.532,1,1,1.0,17.0,1.0,0.0,1.0,0.0,0.0
PJ0492,2026-02-28,46,2,0.3996,3,0,0.0,-1.0,0.0,0.0,0.0,0.0,0.0
PJ0493,2026-01-28,110,5,0.1897,3,0,0.0,-1.0,0.0,0.0,0.0,0.0,0.0
PJ0494,2026-06-30,53,1,0.6131,2,0,2.0,10.0,2.0,0.0,2.0,1.0,1.0
PJ0495,2026-06-30,28,2,0.3346,1,0,1.0,5.0,1.0,0.0,1.0,1.0,1.0
PJ0496,2026-02-28,29,1,0.5044,3,1,1.0,30.0,1.0,0.0,1.0,0.0,0.0
PJ0497,2026-03-28,28,1,0.4891,1,1,2.0,13.0,1.0,1.0,2.0,0.0,0.0
PJ0498,2026-01-28,3,1,0.3033,1,1,0.0,-1.0,0.0,0.0,0.0,0.0,0.0
PJ0499,2026-04-30,9,1,0.6366,2,1,2.0,8.0,2.0,0.0,2.0,0.0,0.0
PJ0500,2026-04-30,51,2,0.4281,3,1,2.0,24.0,1.0,1.0,2.0,0.0,0.0
PJ0501,2026-03-28,56,3,0.6378,2,1,3.0,6.0,2.0,1.0,3.0,1.0,1.0
PJ0502,2026-05-28,118,5,0.2314,1,0,0.0,-1.0,0.0,0.0,0.0,0.0,0.0
PJ0503,2026-06-30,55,1,0.2703,1,0,2.0,11.0,2.0,0.0,2.0,0.0,0.0
PJ0504,2026-02-28,43,2,0.4728,5,0,0.0,-1.0,0.0,0.0,0.0,0.0,0.0
PJ0505,2026-01-28,1,1,0.6467,2,1,1.0,11.0,0.0,1.0,1.0,0.0,0.0
PJ0506,2026-03-28,47,2,0.6962,2,1,1.0,24.0,1.0,0.0,1.0,0.0,0.0
PJ0507,2026-05-28,109,3,0.5741,2,0,1.0,6.0,1.0,0.0,1.0,0.0,0.0
PJ0508,2026-06-30,72,3,0.4082,1,1,0.0,-1.0,0.0,0.0,0.0,0.0,0.0
PJ0509,2026-03-28,14,1,0.0202,2,1,1.0,22.0,1.0,0.0,1.0,0.0,0.0
PJ0510,2026-01-28,43,2,0.6017,1,0,2.0,18.0,2.0,0.0,2.0,0.0,0.0
PJ0511,2026-03-28,37,2,0.4519,1,1,1.0,10.0,1.0,0.0,1.0,0.0,0.0
PJ0512,2026-06-30,21,1,0.7608,3,0,1.0,27.0,1.0,0.0,1.0,0.0,0.0
PJ0513,2026-02-28,37,2,0.425,1,1,3.0,9.0,2.0,1.0,1.0,1.0,1.0
PJ0514,2026-01-28,76,2,0.4247,2,0,0.0,-1.0,0.0,0.0,0.0,0.0,0.0
PJ0515,2026-05-28,51,2,0.9382,1,1,2.0,22.0,1.0,1.0,2.0,0.0,0.0
PJ0516,2026-06-30,43,1,0.5739,3,1,2.0,8.0,2.0,0.0,2.0,0.0,0.0
PJ0517,2026-04-30,46,3,0.8024,5,1,1.0,14.0,0.0,1.0,1.0,1.0,1.0
PJ0518,2026-02-28,13,2,0.6218,2,1,0.0,-1.0,0.0,0.0,0.0,0.0,0.0
PJ0519,2026-04-30,42,3,0.8869,1,0,1.0,11.0,0.0,1.0,1.0,0.0,0.0
PJ0520,2026-03-28,94,4,0.6281,1,1,1.0,22.0,0.0,1.0,1.0,0.0,0.0
PJ0521,2026-06-30,63,3,0.305,3,1,0.0,-1.0,0.0,0.0,0.0,0.0,0.0
PJ0522,2026-06-30,23,1,0.4285,1,1,2.0,30.0,2.0,0.0,2.0,1.0,1.0
PJ0523,2026-03-28,4,1,0.6058,1,1,3.0,13.0,3.0,0.0,2.0,0.0,0.0
PJ0524,2026-06-30,98,4,0.5352,4,0,1.0,23.0,1.0,0.0,1.0,0.0,0.0
PJ0525,2026-01-28,22,2,0.3681,1,1,3.0,21.0,3.0,0.0,3.0,0.0,0.0
PJ0526,2026-01-28,65,2,0.5809,5,0,1.0,13.0,1.0,0.0,1.0,0.0,0.0
PJ0527,2026-03-28,30,2,0.4763,2,0,2.0,6.0,2.0,0.0,2.0,0.0,0.0
PJ0528,2026-02-28,180,6,0.5822,4,0,2.0,10.0,1.0,1.0,1.0,0.0,0.0
PJ0529,2026-01-28,130,4,0.3434,2,0,1.0,3.0,1.0,0.0,1.0,0.0,0.0
PJ0530,2026-02-28,33,1,0.3839,3,0,2.0,22.0,2.0,0.0,1.0,1.0,1.0
PJ0531,2026-04-30,43,2,0.5159,6,0,2.0,3.0,2.0,0.0,2.0,0.0,0.0
PJ0532,2026-04-30,11,1,0.6207,1,0,0.0,-1.0,0.0,0.0,0.0,0.0,0.0
PJ0533,2026-01-28,91,4,0.1822,5,1,1.0,6.0,1.0,0.0,1.0,0.0,0.0
PJ0534,2026-06-30,23,1,0.3781,2,1,3.0,3.0,2.0,1.0,2.0,0.0,0.0
PJ0535,2026-03-28,53,3,0.4194,2,0,0.0,-1.0,0.0,0.0,0.0,0.0,0.0
PJ0536,2026-06-30,14,1,0.5937,2,1,2.0,3.0,0.0,2.0,2.0,1.0,1.0
PJ0537,2026-04-30,45,2,0.4079,1,0,0.0,-1.0,0.0,0.0,0.0,0.0,0.0
PJ0538,2026-04-30,68,3,0.4268,1,0,2.0,1.0,1.0,1.0,2.0,0.0,0.0
PJ0539,2026-04-30,96,5,0.42,4,0,1.0,21.0,1.0,0.0,1.0,0.0,0.0
PJ0540,2026-04-30,39,3,0.4323,2,1,0.0,-1.0,0.0,0.0,0.0,0.0,0.0
PJ0541,2026-05-28,14,1,0.6533,1,0,0.0,-1.0,0.0,0.0,0.0,0.0,0.0
PJ0542,2026-02-28,39,1,0.7837,1,1,0.0,-1.0,0.0,0.0,0.0,0.0,0.0
PJ0543,2026-06-30,36,2,0.4312,1,1,0.0,-1.0,0.0,0.0,0.0,0.0,0.0
PJ0544,2026-02-28,43,2,0.3063,1,0,2.0,15.0,2.0,0.0,2.0,0.0,0.0
PJ0545,2026-02-28,28,2,0.5247,2,0,2.0,12.0,2.0,0.0,2.0,1.0,1.0
PJ0546,2026-05-28,114,4,0.5385,2,0,2.0,18.0,2.0,0.0,2.0,0.0,0.0
PJ0547,2026-04-30,54,2,0.2954,1,0,1.0,11.0,0.0,1.0,1.0,0.0,0.0
PJ0548,2026-05-28,74,4,0.3722,1,0,0.0,-1.0,0.0,0.0,0.0,0.0,0.0
PJ0549,2026-01-28,60,2,0.4816,4,0,0.0,-1.0,0.0,0.0,0.0,0.0,0.0
PJ0550,2026-03-28,80,3,0.4746,3,0,0.0,-1.0,0.0,0.0,0.0,0.0,0.0
PJ0551,2026-05-28,70,3,0.6742,2,0,1.0,20.0,1.0,0.0,1.0,0.0,0.0
PJ0552,2026-06-30,23,1,0.5861,2,0,0.0,-1.0,0.0,0.0,0.0,0.0,0.0
PJ0553,2026-01-28,40,2,0.92,2,0,1.0,26.0,0.0,1.0,1.0,0.0,0.0
PJ0554,2026-01-28,45,1,0.7013,3,0,0.0,-1.0,0.0,0.0,0.0,0.0,0.0
PJ0555,2026-01-28,13,2,0.4709,2,1,1.0,24.0,1.0,0.0,1.0,1.0,1.0
PJ0556,2026-01-28,80,3,0.7784,1,0,1.0,1.0,1.0,0.0,1.0,0.0,0.0
PJ0557,2026-04-30,102,4,0.833,1,0,1.0,15.0,0.0,1.0,1.0,0.0,0.0
PJ0558,2026-03-28,6,1,0.6987,3,1,2.0,7.0,2.0,0.0,2.0,1.0,1.0
PJ0559,2026-04-30,60,1,0.4348,4,0,0.0,-1.0,0.0,0.0,0.0,0.0,0.0
PJ0560,2026-06-30,55,2,0.4399,2,0,0.0,-1.0,0.0,0.0,0.0,0.0,0.0
PJ0561,2026-01-28,46,2,0.2848,1,1,0.0,-1.0,0.0,0.0,0.0,0.0,0.0
PJ0562,2026-02-28,12,1,0.4919,4,1,1.0,12.0,0.0,1.0,1.0,0.0,0.0
PJ0563,2026-03-28,41,1,0.1547,5,1,1.0,8.0,1.0,0.0,1.0,0.0,0.0
PJ0564,2026-02-28,68,3,0.6574,1,1,2.0,5.0,2.0,0.0,2.0,0.0,0.0
PJ0565,2026-06-30,84,4,0.3957,2,0,0.0,-1.0,0.0,0.0,0.0,0.0,0.0
PJ0566,2026-06-30,23,1,0.4962,1,1,1.0,15.0,1.0,0.0,1.0,0.0,0.0
PJ0567,2026-01-28,12,1,0.4439,2,1,5.0,15.0,2.0,3.0,2.0,1.0,1.0
PJ0568,2026-05-28,19,1,0.5307,1,0,0.0,-1.0,0.0,0.0,0.0,0.0,0.0
PJ0569,2026-02-28,36,1,0.4775,2,1,0.0,-1.0,0.0,0.0,0.0,0.0,0.0
PJ0570,2026-06-30,30,1,0.3535,1,1,2.0,24.0,2.0,0.0,2.0,1.0,1.0
PJ0571,2026-02-28,32,2,0.6492,1,1,2.0,11.0,1.0,1.0,1.0,0.0,0.0
PJ0572,2026-04-30,6,1,0.3819,2,1,1.0,14.0,1.0,0.0,1.0,0.0,0.0
PJ0573,2026-06-30,61,3,0.4014,5,1,1.0,29.0,0.0,1.0,1.0,0.0,0.0
PJ0574,2026-06-30,38,2,0.541,1,0,0.0,-1.0,0.0,0.0,0.0,0.0,0.0
PJ0575,2026-04-30,27,1,0.4665,2,1,1.0,15.0,1.0,0.0,1.0,1.0,1.0
PJ0576,2026-02-28,35,2,0.4996,1,0,0.0,-1.0,0.0,0.0,0.0,0.0,0.0
PJ0577,2026-05-28,30,1,0.5927,1,1,1.0,1.0,0.0,1.0,1.0,0.0,0.0
PJ0578,2026-02-28,45,1,0.4638,1,0,2.0,5.0,2.0,0.0,2.0,1.0,1.0
PJ0579,2026-03-28,44,2,0.5252,1,1,2.0,12.0,2.0,0.0,1.0,0.0,0.0
PJ0580,2026-02-28,16,1,0.4563,3,1,1.0,24.0,0.0,1.0,1.0,1.0,1.0
PJ0581,2026-02-28,92,3,0.6654,1,0,2.0,9.0,1.0,1.0,1.0,1.0,1.0
PJ0582,2026-05-28,48,2,0.2056,2,0,1.0,14.0,0.0,1.0,1.0,0.0,0.0
PJ0583,2026-06-30,48,2,0.4894,1,0,1.0,28.0,1.0,0.0,1.0,0.0,0.0
PJ0584,2026-04-30,120,3,0.7613,1,0,0.0,-1.0,0.0,0.0,0.0,0.0,0.0
PJ0585,2026-02-28,16,1,0.5403,6,1,2.0,17.0,2.0,0.0,2.0,0.0,0.0
PJ0586,2026-01-28,73,4,0.2822,1,0,1.0,30.0,1.0,0.0,1.0,0.0,0.0
PJ0587,2026-01-28,6,1,0.5474,3,0,0.0,-1.0,0.0,0.0,0.0,0.0,0.0
PJ0588,2026-04-30,32,2,0.5801,1,1,0.0,-1.0,0.0,0.0,0.0,0.0,0.0
PJ0589,2026-01-28,80,2,0.9198,2,0,2.0,9.0,1.0,1.0,2.0,0.0,0.0
PJ0590,2026-04-30,11,1,0.6724,2,0,3.0,8.0,3.0,0.0,3.0,1.0,1.0
PJ0591,2026-01-28,83,4,0.8374,2,0,0.0,-1.0,0.0,0.0,0.0,0.0,0.0
PJ0592,2026-05-28,78,3,0.4238,1,0,0.0,-1.0,0.0,0.0,0.0,0.0,0.0
PJ0593,2026-05-28,44,3,0.671,2,1,0.0,-1.0,0.0,0.0,0.0,0.0,0.0
PJ0594,2026-06-30,15,1,0.4421,2,0,0.0,-1.0,0.0,0.0,0.0,0.0,0.0
PJ0595,2026-04-30,128,5,0.2822,2,0,3.0,17.0,3.0,0.0,1.0,0.0,0.0
PJ0596,2026-03-28,39,1,0.4305,3,1,0.0,-1.0,0.0,0.0,0.0,0.0,0.0
PJ0597,2026-06-30,37,2,0.4211,3,0,2.0,17.0,1.0,1.0,1.0,1.0,1.0
PJ0598,2026-06-30,127,5,0.7352,5,0,0.0,-1.0,0.0,0.0,0.0,0.0,0.0
PJ0599,2026-06-30,14,1,0.4634,6,0,1.0,3.0,1.0,0.0,1.0,1.0,1.0
PJ0600,2026-03-28,71,4,0.5117,4,0,2.0,17.0,2.0,0.0,2.0,1.0,1.0
PJ0601,2026-03-28,64,2,0.2673,2,1,1.0,26.0,1.0,0.0,1.0,0.0,0.0
PJ0602,2026-02-28,11,1,0.6315,1,1,2.0,16.0,2.0,0.0,2.0,0.0,0.0
PJ0603,2026-01-28,100,5,0.1095,2,0,3.0,11.0,3.0,0.0,2.0,0.0,0.0
PJ0604,2026-02-28,28,1,0.6868,1,1,2.0,13.0,1.0,1.0,1.0,0.0,0.0
PJ0605,2026-01-28,111,3,0.494,2,0,1.0,6.0,1.0,0.0,1.0,0.0,0.0
PJ0606,2026-03-28,48,2,0.4741,3,0,1.0,29.0,0.0,1.0,1.0,0.0,0.0
PJ0607,2026-04-30,2,2,0.5818,6,1,3.0,9.0,2.0,1.0,1.0,1.0,1.0
PJ0608,2026-03-28,20,2,0.797,1,1,1.0,8.0,1.0,0.0,1.0,0.0,0.0
PJ0609,2026-02-28,36,2,0.5473,1,0,1.0,8.0,1.0,0.0,1.0,0.0,0.0
PJ0610,2026-02-28,135,5,0.7038,2,1,1.0,16.0,1.0,0.0,1.0,0.0,0.0
PJ0611,2026-02-28,131,6,0.314,3,0,3.0,11.0,2.0,1.0,1.0,0.0,0.0
PJ0612,2026-06-30,72,3,0.5472,4,0,0.0,-1.0,0.0,0.0,0.0,0.0,0.0
PJ0613,2026-04-30,180,6,0.2675,2,0,0.0,-1.0,0.0,0.0,0.0,0.0,0.0
PJ0614,2026-06-30,27,1,0.5895,2,0,2.0,3.0,0.0,2.0,2.0,0.0,0.0
PJ0615,2026-06-30,18,1,0.4908,1,1,1.0,13.0,1.0,0.0,1.0,1.0,1.0
PJ0616,2026-04-30,34,3,0.5782,6,1,2.0,19.0,1.0,1.0,2.0,1.0,2.0
PJ0617,2026-05-28,31,2,0.566,6,1,2.0,16.0,1.0,1.0,2.0,0.0,0.0
PJ0618,2026-02-28,38,2,0.278,2,0,0.0,-1.0,0.0,0.0,0.0,0.0,0.0
PJ0619,2026-02-28,40,2,0.3566,3,1,1.0,22.0,1.0,0.0,1.0,0.0,0.0
PJ0620,2026-06-30,173,6,0.3987,1,0,3.0,13.0,2.0,1.0,2.0,1.0,1.0
PJ0621,2026-05-28,39,3,0.587,1,1,1.0,17.0,1.0,0.0,1.0,0.0,0.0
PJ0622,2026-03-28,58,2,0.4386,2,0,0.0,-1.0,0.0,0.0,0.0,0.0,0.0
PJ0623,2026-06-30,69,2,0.3484,1,0,0.0,-1.0,0.0,0.0,0.0,0.0,0.0
PJ0624,2026-03-28,72,3,0.4248,4,1,0.0,-1.0,0.0,0.0,0.0,0.0,0.0
PJ0625,2026-04-30,27,1,0.4532,1,0,1.0,22.0,1.0,0.0,1.0,1.0,1.0
PJ0626,2026-06-30,22,1,0.4962,2,0,0.0,-1.0,0.0,0.0,0.0,0.0,0.0
PJ0627,2026-06-30,36,2,0.3702,6,1,1.0,23.0,1.0,0.0,1.0,1.0,1.0
PJ0628,2026-04-30,47,3,0.2827,3,1,0.0,-1.0,0.0,0.0,0.0,0.0,0.0
PJ0629,2026-03-28,15,1,0.4835,1,1,1.0,7.0,0.0,1.0,1.0,0.0,0.0
PJ0630,2026-04-30,71,3,0.5727,6,0,0.0,-1.0,0.0,0.0,0.0,0.0,0.0
PJ0631,2026-04-30,100,5,0.449,1,0,0.0,-1.0,0.0,0.0,0.0,0.0,0.0
PJ0632,2026-03-28,78,2,1.014,1,0,0.0,-1.0,0.0,0.0,0.0,0.0,0.0
PJ0633,2026-05-28,21,1,0.821,2,1,1.0,3.0,1.0,0.0,1.0,0.0,0.0
PJ0634,2026-05-28,58,3,0.3893,1,1,1.0,21.0,1.0,0.0,1.0,1.0,1.0
PJ0635,2026-01-28,34,2,0.6592,1,0,2.0,14.0,2.0,0.0,2.0,1.0,2.0
PJ0636,2026-03-28,86,3,0.3805,4,0,4.0,17.0,3.0,1.0,2.0,1.0,1.0
PJ0637,2026-06-30,72,2,0.4933,3,0,3.0,2.0,2.0,1.0,2.0,0.0,0.0
PJ0638,2026-04-30,44,3,0.7982,1,0,1.0,24.0,1.0,0.0,1.0,0.0,0.0
PJ0639,2026-05-28,32,3,0.4971,1,1,1.0,1.0,1.0,0.0,1.0,0.0,0.0
PJ0640,2026-03-28,62,2,0.2375,3,0,2.0,9.0,2.0,0.0,2.0,0.0,0.0
PJ0641,2026-03-28,23,2,0.4184,2,1,0.0,-1.0,0.0,0.0,0.0,0.0,0.0
PJ0642,2026-01-28,25,1,0.5253,1,0,0.0,-1.0,0.0,0.0,0.0,0.0,0.0
PJ0643,2026-06-30,37,1,0.3533,3,1,3.0,3.0,3.0,0.0,3.0,1.0,1.0
PJ0644,2026-03-28,101,5,0.6756,4,1,2.0,4.0,1.0,1.0,2.0,0.0,0.0
PJ0645,2026-04-30,34,1,0.5597,4,1,1.0,25.0,1.0,0.0,1.0,0.0,0.0
PJ0646,2026-01-28,53,1,0.7363,1,1,1.0,12.0,0.0,1.0,1.0,1.0,1.0
PJ0647,2026-06-30,30,1,0.339,1,0,0.0,-1.0,0.0,0.0,0.0,0.0,0.0
PJ0648,2026-06-30,51,3,0.6891,2,1,1.0,13.0,1.0,0.0,1.0,0.0,0.0
PJ0649,2026-04-30,28,1,0.5637,3,1,1.0,22.0,1.0,0.0,1.0,0.0,0.0
PJ0650,2026-05-28,63,3,1.0789,2,0,1.0,7.0,1.0,0.0,1.0,0.0,0.0
PJ0651,2026-06-30,24,2,0.4624,2,1,5.0,3.0,5.0,0.0,4.0,1.0,1.0
PJ0652,2026-01-28,36,1,0.4739,6,0,3.0,7.0,2.0,1.0,3.0,0.0,0.0
PJ0653,2026-04-30,70,3,0.3942,6,0,2.0,1.0,1.0,1.0,2.0,0.0,0.0
PJ0654,2026-03-28,33,1,0.5081,2,0,4.0,7.0,4.0,0.0,2.0,1.0,2.0
PJ0655,2026-04-30,36,1,0.3321,6,1,1.0,17.0,1.0,0.0,1.0,1.0,1.0
PJ0656,2026-03-28,43,3,0.3268,1,0,2.0,5.0,2.0,0.0,2.0,1.0,1.0
PJ0657,2026-03-28,38,2,0.2517,1,1,1.0,5.0,1.0,0.0,1.0,0.0,0.0
PJ0658,2026-06-30,54,2,0.4647,4,0,3.0,4.0,3.0,0.0,1.0,1.0,1.0
PJ0659,2026-02-28,2,1,0.3409,1,0,1.0,13.0,0.0,1.0,1.0,0.0,0.0
PJ0660,2026-05-28,20,1,0.1594,4,1,3.0,5.0,2.0,1.0,3.0,0.0,0.0
PJ0661,2026-02-28,33,2,0.3162,3,0,1.0,9.0,1.0,0.0,1.0,0.0,0.0
PJ0662,2026-01-28,31,2,0.3494,2,1,1.0,3.0,1.0,0.0,1.0,0.0,0.0
PJ0663,2026-06-30,50,1,0.5121,3,0,0.0,-1.0,0.0,0.0,0.0,0.0,0.0
PJ0664,2026-01-28,71,3,0.9265,6,0,1.0,22.0,1.0,0.0,1.0,0.0,0.0
PJ0665,2026-01-28,66,3,0.5724,1,1,1.0,20.0,1.0,0.0,1.0,0.0,0.0
PJ0666,2026-04-30,42,2,0.6923,3,0,1.0,8.0,1.0,0.0,1.0,0.0,0.0
PJ0667,2026-06-30,38,2,0.5616,2,0,1.0,17.0,1.0,0.0,1.0,0.0,0.0
PJ0668,2026-02-28,109,4,0.7881,2,0,1.0,6.0,1.0,0.0,1.0,0.0,0.0
PJ0669,2026-02-28,30,1,0.4754,3,0,2.0,1.0,1.0,1.0,2.0,0.0,0.0
PJ0670,2026-05-28,83,3,0.5898,1,0,1.0,18.0,0.0,1.0,1.0,0.0,0.0
PJ0671,2026-04-30,2,1,0.3034,1,1,3.0,12.0,2.0,1.0,2.0,0.0,0.0
PJ0672,2026-01-28,60,2,0.6668,5,1,1.0,21.0,1.0,0.0,1.0,0.0,0.0
PJ0673,2026-05-28,42,2,0.556,1,0,0.0,-1.0,0.0,0.0,0.0,0.0,0.0
PJ0674,2026-03-28,94,3,0.5461,2,0,2.0,5.0,2.0,0.0,2.0,0.0,0.0
PJ0675,2026-04-30,13,2,0.705,1,0,3.0,12.0,3.0,0.0,1.0,0.0,0.0
PJ0676,2026-03-28,7,1,0.7321,2,1,3.0,3.0,3.0,0.0,2.0,0.0,0.0
PJ0677,2026-03-28,48,2,0.6514,2,1,1.0,5.0,1.0,0.0,1.0,0.0,0.0
PJ0678,2026-02-28,40,3,0.3527,2,1,1.0,26.0,1.0,0.0,1.0,0.0,0.0
PJ0679,2026-03-28,40,1,0.4268,2,0,0.0,-1.0,0.0,0.0,0.0,0.0,0.0
PJ0680,2026-05-28,49,3,0.7811,3,0,1.0,7.0,1.0,0.0,1.0,0.0,0.0
PJ0681,2026-02-28,30,1,0.5073,3,1,1.0,24.0,1.0,0.0,1.0,0.0,0.0
PJ0682,2026-01-28,47,3,0.4516,1,0,2.0,13.0,2.0,0.0,1.0,0.0,0.0
PJ0683,2026-03-28,18,1,0.3863,3,0,3.0,6.0,2.0,1.0,3.0,0.0,0.0
PJ0684,2026-04-30,88,3,0.4613,2,0,2.0,15.0,1.0,1.0,2.0,0.0,0.0
PJ0685,2026-02-28,21,1,0.5208,1,1,1.0,9.0,1.0,0.0,1.0,0.0,0.0
PJ0686,2026-03-28,23,1,0.3249,1,1,3.0,16.0,2.0,1.0,2.0,0.0,0.0
PJ0687,2026-06-30,14,1,0.6775,2,0,1.0,28.0,1.0,0.0,1.0,1.0,1.0
PJ0688,2026-04-30,68,3,0.6527,1,1,1.0,8.0,1.0,0.0,1.0,0.0,0.0
PJ0689,2026-03-28,129,5,0.7178,2,0,1.0,11.0,1.0,0.0,1.0,0.0,0.0
PJ0690,2026-06-30,28,1,0.9092,3,1,0.0,-1.0,0.0,0.0,0.0,0.0,0.0
PJ0691,2026-04-30,47,3,0.6278,2,1,1.0,13.0,1.0,0.0,1.0,1.0,1.0
PJ0692,2026-03-28,115,5,0.3859,1,0,1.0,26.0,1.0,0.0,1.0,0.0,0.0
PJ0693,2026-02-28,17,2,0.3141,3,1,3.0,1.0,2.0,1.0,2.0,0.0,0.0
PJ0694,2026-03-28,57,2,0.4245,2,0,2.0,14.0,2.0,0.0,2.0,0.0,0.0
PJ0695,2026-06-30,97,5,0.6712,1,0,0.0,-1.0,0.0,0.0,0.0,0.0,0.0
PJ0696,2026-05-28,82,3,0.6155,1,0,2.0,12.0,1.0,1.0,2.0,0.0,0.0
PJ0697,2026-04-30,63,2,0.5154,3,0,1.0,16.0,0.0,1.0,1.0,0.0,0.0
PJ0698,2026-03-28,73,3,0.7281,1,0,0.0,-1.0,0.0,0.0,0.0,0.0,0.0
PJ0699,2026-02-28,57,1,0.4987,2,0,0.0,-1.0,0.0,0.0,0.0,0.0,0.0
PJ0700,2026-02-28,68,4,0.4778,3,0,0.0,-1.0,0.0,0.0,0.0,0.0,0.0
PJ0701,2026-06-30,7,1,0.4794,3,1,0.0,-1.0,0.0,0.0,0.0,0.0,0.0
PJ0702,2026-03-28,20,1,0.8384,1,1,2.0,6.0,2.0,0.0,1.0,1.0,1.0
PJ0703,2026-05-28,118,3,0.8552,2,0,0.0,-1.0,0.0,0.0,0.0,0.0,0.0
PJ0704,2026-02-28,29,2,0.7357,2,1,3.0,28.0,2.0,1.0,2.0,0.0,0.0
PJ0705,2026-06-30,92,4,0.4354,5,0,4.0,5.0,2.0,2.0,3.0,1.0,1.0
PJ0706,2026-06-30,48,2,0.406,4,1,0.0,-1.0,0.0,0.0,0.0,0.0,0.0
PJ0707,2026-04-30,62,3,0.3954,5,1,2.0,8.0,1.0,1.0,2.0,0.0,0.0
PJ0708,2026-03-28,118,4,0.5786,4,1,2.0,19.0,0.0,2.0,2.0,0.0,0.0
PJ0709,2026-04-30,13,2,0.4275,4,1,1.0,28.0,1.0,0.0,1.0,0.0,0.0
PJ0710,2026-04-30,28,1,0.474,2,1,2.0,13.0,2.0,0.0,2.0,0.0,0.0
PJ0711,2026-04-30,7,1,0.5646,1,1,0.0,-1.0,0.0,0.0,0.0,0.0,0.0
PJ0712,2026-05-28,34,2,0.8972,1,0,2.0,22.0,2.0,0.0,2.0,0.0,0.0
PJ0713,2026-03-28,43,1,0.2238,1,0,0.0,-1.0,0.0,0.0,0.0,0.0,0.0
PJ0714,2026-04-30,146,4,0.8332,5,0,1.0,28.0,1.0,0.0,1.0,0.0,0.0
PJ0715,2026-01-28,17,1,0.46,1,1,0.0,-1.0,0.0,0.0,0.0,0.0,0.0
PJ0716,2026-02-28,20,1,0.7233,2,1,2.0,1.0,1.0,1.0,2.0,0.0,0.0
PJ0717,2026-04-30,38,2,0.5697,3,0,0.0,-1.0,0.0,0.0,0.0,0.0,0.0
PJ0718,2026-01-28,9,1,0.3929,1,1,1.0,29.0,1.0,0.0,1.0,0.0,0.0
PJ0719,2026-02-28,39,2,0.3903,1,0,1.0,17.0,1.0,0.0,1.0,0.0,0.0
PJ0720,2026-05-28,31,2,0.6534,1,1,2.0,4.0,1.0,1.0,2.0,0.0,0.0
PJ0721,2026-02-28,50,2,0.4776,3,1,1.0,21.0,1.0,0.0,1.0,0.0,0.0
PJ0722,2026-01-28,46,1,0.8933,1,0,2.0,15.0,2.0,0.0,2.0,0.0,0.0
PJ0723,2026-03-28,8,1,0.3968,2,1,1.0,18.0,1.0,0.0,1.0,0.0,0.0
PJ0724,2026-04-30,54,1,0.7749,2,1,1.0,19.0,1.0,0.0,1.0,0.0,0.0
PJ0725,2026-01-28,57,2,0.3827,1,1,1.0,3.0,0.0,1.0,1.0,0.0,0.0
PJ0726,2026-06-30,18,2,0.6369,1,1,3.0,3.0,3.0,0.0,1.0,0.0,0.0
PJ0727,2026-04-30,67,4,0.5284,1,1,1.0,14.0,0.0,1.0,1.0,0.0,0.0
PJ0728,2026-05-28,9,2,0.7473,3,0,0.0,-1.0,0.0,0.0,0.0,0.0,0.0
PJ0729,2026-02-28,29,1,0.1542,2,1,0.0,-1.0,0.0,0.0,0.0,0.0,0.0
PJ0730,2026-02-28,48,3,0.4968,2,1,2.0,2.0,2.0,0.0,1.0,0.0,0.0
PJ0731,2026-01-28,42,2,0.5955,4,0,0.0,-1.0,0.0,0.0,0.0,0.0,0.0
PJ0732,2026-03-28,22,1,0.7387,4,1,1.0,28.0,1.0,0.0,1.0,1.0,1.0
PJ0733,2026-05-28,11,1,0.7024,1,1,1.0,6.0,0.0,1.0,1.0,0.0,0.0
PJ0734,2026-04-30,41,3,0.3844,5,1,2.0,3.0,2.0,0.0,2.0,1.0,1.0
PJ0735,2026-04-30,59,1,0.3075,1,0,2.0,9.0,1.0,1.0,2.0,0.0,0.0
PJ0736,2026-03-28,18,1,0.5387,1,1,3.0,7.0,3.0,0.0,3.0,1.0,1.0
PJ0737,2026-01-28,23,1,0.4081,2,1,3.0,1.0,3.0,0.0,1.0,0.0,0.0
PJ0738,2026-04-30,33,2,0.2944,1,1,1.0,1.0,1.0,0.0,1.0,0.0,0.0
PJ0739,2026-04-30,53,3,0.2947,3,0,0.0,-1.0,0.0,0.0,0.0,0.0,0.0
PJ0740,2026-06-30,173,7,0.4679,4,0,1.0,7.0,0.0,1.0,1.0,0.0,0.0
PJ0741,2026-04-30,62,3,0.8242,1,0,0.0,-1.0,0.0,0.0,0.0,0.0,0.0
PJ0742,2026-03-28,44,1,0.4589,1,0,2.0,9.0,0.0,2.0,1.0,1.0,1.0
PJ0743,2026-01-28,22,1,0.4355,3,1,1.0,11.0,1.0,0.0,1.0,0.0,0.0
PJ0744,2026-02-28,47,1,0.4375,2,0,0.0,-1.0,0.0,0.0,0.0,0.0,0.0
PJ0745,2026-06-30,28,1,0.4398,2,1,3.0,2.0,2.0,1.0,2.0,1.0,1.0
PJ0746,2026-04-30,43,1,0.3925,4,1,2.0,14.0,1.0,1.0,2.0,1.0,1.0
PJ0747,2026-04-30,39,2,0.5239,4,1,2.0,1.0,2.0,0.0,2.0,0.0,0.0
PJ0748,2026-02-28,75,3,0.2995,5,0,1.0,11.0,0.0,1.0,1.0,0.0,0.0
PJ0749,2026-04-30,10,2,0.3129,3,0,2.0,15.0,1.0,1.0,2.0,1.0,1.0
PJ0750,2026-05-28,32,2,0.6257,6,0,2.0,14.0,2.0,0.0,2.0,0.0,0.0
PJ0751,2026-05-28,48,3,0.3537,1,0,1.0,13.0,0.0,1.0,1.0,0.0,0.0
PJ0752,2026-05-28,40,3,0.6648,1,1,2.0,2.0,1.0,1.0,2.0,0.0,0.0
PJ0753,2026-06-30,35,2,0.4706,1,1,1.0,17.0,1.0,0.0,1.0,0.0,0.0
PJ0754,2026-02-28,84,4,0.3536,2,1,0.0,-1.0,0.0,0.0,0.0,0.0,0.0
PJ0755,2026-03-28,17,1,0.1232,2,1,1.0,9.0,1.0,0.0,1.0,0.0,0.0
PJ0756,2026-01-28,16,1,0.4774,4,0,0.0,-1.0,0.0,0.0,0.0,0.0,0.0
PJ0757,2026-06-30,40,2,0.4967,2,0,2.0,19.0,2.0,0.0,2.0,0.0,0.0
PJ0758,2026-04-30,62,4,0.345,2,1,3.0,3.0,3.0,0.0,3.0,1.0,1.0
PJ0759,2026-01-28,101,4,0.1615,6,0,2.0,10.0,2.0,0.0,1.0,0.0,0.0
PJ0760,2026-04-30,36,3,0.4227,2,1,0.0,-1.0,0.0,0.0,0.0,0.0,0.0
PJ0761,2026-03-28,38,3,0.2775,3,0,1.0,14.0,1.0,0.0,1.0,0.0,0.0
PJ0762,2026-01-28,69,4,0.6008,2,1,2.0,1.0,2.0,0.0,2.0,0.0,0.0
PJ0763,2026-05-28,17,2,0.3878,1,0,1.0,3.0,1.0,0.0,1.0,0.0,0.0
PJ0764,2026-02-28,48,3,0.511,6,1,2.0,5.0,1.0,1.0,2.0,0.0,0.0
PJ0765,2026-04-30,50,2,0.1212,2,1,3.0,3.0,2.0,1.0,2.0,0.0,0.0
PJ0766,2026-06-30,55,3,0.4827,1,1,2.0,1.0,2.0,0.0,2.0,0.0,0.0
PJ0767,2026-02-28,40,2,0.584,3,0,4.0,14.0,4.0,0.0,3.0,1.0,1.0
PJ0768,2026-04-30,43,1,0.5206,4,1,3.0,1.0,3.0,0.0,3.0,0.0,0.0
PJ0769,2026-06-30,30,2,0.375,4,1,3.0,1.0,2.0,1.0,2.0,0.0,0.0
PJ0770,2026-03-28,2,1,0.6123,3,1,1.0,4.0,1.0,0.0,1.0,0.0,0.0
PJ0771,2026-03-28,20,1,0.5038,2,1,1.0,14.0,1.0,0.0,1.0,0.0,0.0
PJ0772,2026-03-28,6,1,0.5208,4,1,1.0,8.0,1.0,0.0,1.0,0.0,0.0
PJ0773,2026-06-30,79,3,0.6386,2,0,1.0,25.0,0.0,1.0,1.0,0.0,0.0
PJ0774,2026-05-28,8,1,0.5484,2,1,1.0,21.0,1.0,0.0,1.0,0.0,0.0
PJ0775,2026-05-28,47,2,0.7748,6,1,1.0,26.0,1.0,0.0,1.0,0.0,0.0
PJ0776,2026-01-28,8,1,0.6411,1,0,2.0,12.0,2.0,0.0,2.0,0.0,0.0
PJ0777,2026-02-28,167,7,0.372,4,0,0.0,-1.0,0.0,0.0,0.0,0.0,0.0
PJ0778,2026-05-28,29,1,0.3641,1,1,2.0,15.0,1.0,1.0,1.0,0.0,0.0
PJ0779,2026-05-28,87,2,0.4347,3,0,1.0,25.0,1.0,0.0,1.0,0.0,0.0
PJ0780,2026-01-28,6,1,0.7069,1,0,3.0,13.0,3.0,0.0,3.0,0.0,0.0
PJ0781,2026-04-30,64,4,0.3166,3,1,2.0,4.0,1.0,1.0,1.0,0.0,0.0
PJ0782,2026-01-28,43,2,0.5817,1,0,2.0,1.0,2.0,0.0,1.0,0.0,0.0
PJ0783,2026-03-28,134,5,0.7016,1,0,2.0,4.0,2.0,0.0,2.0,1.0,1.0
PJ0784,2026-06-30,99,5,0.3068,2,0,2.0,18.0,2.0,0.0,2.0,0.0,0.0
PJ0785,2026-06-30,44,2,0.288,4,1,1.0,2.0,0.0,1.0,1.0,0.0,0.0
PJ0786,2026-05-28,31,2,0.9533,5,1,1.0,4.0,1.0,0.0,1.0,0.0,0.0
PJ0787,2026-06-30,33,3,0.6102,2,0,1.0,18.0,1.0,0.0,1.0,0.0,0.0
PJ0788,2026-05-28,180,7,0.4555,1,0,2.0,17.0,1.0,1.0,2.0,0.0,0.0
PJ0789,2026-04-30,10,1,0.3725,1,0,0.0,-1.0,0.0,0.0,0.0,0.0,0.0
PJ0790,2026-05-28,100,3,0.4481,1,0,2.0,3.0,0.0,2.0,1.0,0.0,0.0
PJ0791,2026-05-28,72,3,0.4812,6,0,2.0,18.0,1.0,1.0,2.0,0.0,0.0
PJ0792,2026-02-28,10,2,0.3943,2,1,1.0,16.0,1.0,0.0,1.0,0.0,0.0
PJ0793,2026-04-30,60,3,0.407,2,0,1.0,29.0,1.0,0.0,1.0,0.0,0.0
PJ0794,2026-06-30,34,3,0.5068,1,1,2.0,11.0,2.0,0.0,2.0,1.0,2.0
PJ0795,2026-03-28,45,2,0.23,2,0,0.0,-1.0,0.0,0.0,0.0,0.0,0.0
PJ0796,2026-05-28,46,1,0.4529,1,0,3.0,1.0,3.0,0.0,2.0,1.0,1.0
PJ0797,2026-04-30,20,2,0.4452,1,1,1.0,8.0,1.0,0.0,1.0,0.0,0.0
PJ0798,2026-03-28,82,3,0.5444,2,0,0.0,-1.0,0.0,0.0,0.0,0.0,0.0
PJ0799,2026-05-28,96,4,0.7946,1,0,0.0,-1.0,0.0,0.0,0.0,0.0,0.0
PJ0800,2026-02-28,64,4,0.6557,1,0,3.0,2.0,2.0,1.0,3.0,1.0,2.0
