id_cliente,data_referencia,previsao,prob_regularizacao,data_inicio_horizonte,data_fim_horizonte
PJ0001,2026-02-28,1,0.5034717,2026-03-01,2026-03-30
PJ0002,2026-02-28,1,0.6768239,2026-03-01,2026-03-30
PJ0003,2026-01-28,0,0.4989503,2026-01-29,2026-02-27
PJ0004,2026-01-28,1,0.5695658,2026-01-29,2026-02-27
PJ0005,2026-02-28,1,0.6055295,2026-03-01,2026-03-30
PJ0006,2026-04-30,1,0.68908143,2026-05-01,2026-05-30
PJ0007,2026-02-28,0,0.1849666,2026-03-01,2026-03-30
PJ0008,2026-02-28,1,0.77078146,2026-03-01,2026-03-30
PJ0009,2026-04-30,1,0.67196536,2026-05-01,2026-05-30
PJ0010,2026-04-30,0,0.38342845,2026-05-01,2026-05-30
PJ0011,2026-03-28,1,0.6761938,2026-03-29,2026-04-27
PJ0012,2026-02-28,1,0.64069057,2026-03-01,2026-03-30
PJ0013,2026-01-28,1,0.5624113,2026-01-29,2026-02-27
PJ0014,2026-03-28,0,0.4623349,2026-03-29,2026-04-27
PJ0015,2026-05-28,0,0.49455404,2026-05-29,2026-06-27
PJ0016,2026-04-30,0,0.25763616,2026-05-01,2026-05-30
PJ0017,2026-02-28,1,0.75911915,2026-03-01,2026-03-30
PJ0018,2026-02-28,1,0.6799849,2026-03-01,2026-03-30
PJ0019,2026-04-30,0,0.47463822,2026-05-01,2026-05-30
PJ0020,2026-05-28,0,0.48233032,2026-05-29,2026-06-27
PJ0021,2026-04-30,1,0.5620749,2026-05-01,2026-05-30
PJ0022,2026-06-30,1,0.55068934,2026-07-01,2026-07-30
PJ0023,2026-02-28,1,0.5313533,2026-03-01,2026-03-30
PJ0024,2026-04-30,0,0.24207182,2026-05-01,2026-05-30
PJ0025,2026-02-28,1,0.6493212,2026-03-01,2026-03-30
PJ0026,2026-01-28,0,0.19809102,2026-01-29,2026-02-27
PJ0027,2026-05-28,1,0.6957704,2026-05-29,2026-06-27
PJ0028,2026-05-28,0,0.46807843,2026-05-29,2026-06-27
PJ0029,2026-02-28,0,0.22418888,2026-03-01,2026-03-30
PJ0030,2026-02-28,0,0.46420655,2026-03-01,2026-03-30
PJ0031,2026-03-28,1,0.6463742,2026-03-29,2026-04-27
PJ0032,2026-06-30,1,0.66641825,2026-07-01,2026-07-30
PJ0033,2026-04-30,1,0.5843149,2026-05-01,2026-05-30
PJ0034,2026-05-28,1,0.6355549,2026-05-29,2026-06-27
PJ0035,2026-03-28,1,0.6886676,2026-03-29,2026-04-27
PJ0036,2026-05-28,1,0.5393818,2026-05-29,2026-06-27
PJ0037,2026-04-30,1,0.6386672,2026-05-01,2026-05-30
PJ0038,2026-01-28,0,0.255308,2026-01-29,2026-02-27
PJ0039,2026-01-28,1,0.7050835,2026-01-29,2026-02-27
PJ0040,2026-04-30,0,0.3388214,2026-05-01,2026-05-30
PJ0041,2026-01-28,0,0.3929117,2026-01-29,2026-02-27
PJ0042,2026-06-30,1,0.72891176,2026-07-01,2026-07-30
PJ0043,2026-02-28,0,0.37031496,2026-03-01,2026-03-30
PJ0044,2026-02-28,0,0.3011058,2026-03-01,2026-03-30
PJ0045,2026-06-30,0,0.19722867,2026-07-01,2026-07-30
PJ0046,2026-03-28,1,0.73147225,2026-03-29,2026-04-27
PJ0047,2026-03-28,1,0.6410059,2026-03-29,2026-04-27
PJ0048,2026-06-30,1,0.64556265,2026-07-01,2026-07-30
PJ0049,2026-06-30,0,0.2731053,2026-07-01,2026-07-30
PJ0050,2026-04-30,1,0.6581988,2026-05-01,2026-05-30
PJ0051,2026-04-30,0,0.19413953,2026-05-01,2026-05-30
PJ0052,2026-05-28,0,0.40214068,2026-05-29,2026-06-27
PJ0053,2026-01-28,1,0.67624,2026-01-29,2026-02-27
PJ0054,2026-01-28,1,0.67478377,2026-01-29,2026-02-27
PJ0055,2026-01-28,0,0.39797336,2026-01-29,2026-02-27
PJ0056,2026-06-30,1,0.7216952,2026-07-01,2026-07-30
PJ0057,2026-06-30,1,0.5493735,2026-07-01,2026-07-30
PJ0058,2026-06-30,1,0.57392734,2026-07-01,2026-07-30
PJ0059,2026-01-28,1,0.6780671,2026-01-29,2026-02-27
PJ0060,2026-05-28,0,0.18419038,2026-05-29,2026-06-27
PJ0061,2026-01-28,1,0.539346,2026-01-29,2026-02-27
PJ0062,2026-04-30,0,0.17939346,2026-05-01,2026-05-30
PJ0063,2026-05-28,1,0.6128804,2026-05-29,2026-06-27
PJ0064,2026-01-28,0,0.2021768,2026-01-29,2026-02-27
PJ0065,2026-01-28,0,0.3595694,2026-01-29,2026-02-27
PJ0066,2026-01-28,1,0.71504384,2026-01-29,2026-02-27
PJ0067,2026-02-28,0,0.4449648,2026-03-01,2026-03-30
PJ0068,2026-01-28,1,0.7395435,2026-01-29,2026-02-27
PJ0069,2026-03-28,1,0.77296376,2026-03-29,2026-04-27
PJ0070,2026-04-30,1,0.7050867,2026-05-01,2026-05-30
PJ0071,2026-02-28,1,0.6844868,2026-03-01,2026-03-30
PJ0072,2026-01-28,0,0.18552954,2026-01-29,2026-02-27
PJ0073,2026-01-28,1,0.63307446,2026-01-29,2026-02-27
PJ0074,2026-06-30,1,0.6018367,2026-07-01,2026-07-30
PJ0075,2026-04-30,0,0.48320875,2026-05-01,2026-05-30
PJ0076,2026-05-28,1,0.50597936,2026-05-29,2026-06-27
PJ0077,2026-04-30,0,0.48426205,2026-05-01,2026-05-30
PJ0078,2026-06-30,1,0.66784906,2026-07-01,2026-07-30
PJ0079,2026-06-30,1,0.7172975,2026-07-01,2026-07-30
PJ0080,2026-05-28,1,0.6715244,2026-05-29,2026-06-27
PJ0081,2026-02-28,1,0.54898024,2026-03-01,2026-03-30
PJ0082,2026-04-30,0,0.38240123,2026-05-01,2026-05-30
PJ0083,2026-05-28,1,0.594156,2026-05-29,2026-06-27
PJ0084,2026-02-28,0,0.4359727,2026-03-01,2026-03-30
PJ0085,2026-04-30,1,0.65448797,2026-05-01,2026-05-30
PJ0086,2026-02-28,0,0.42768794,2026-03-01,2026-03-30
PJ0087,2026-02-28,1,0.61136866,2026-03-01,2026-03-30
PJ0088,2026-04-30,1,0.64272374,2026-05-01,2026-05-30
PJ0089,2026-03-28,0,0.46041474,2026-03-29,2026-04-27
PJ0090,2026-06-30,0,0.43650267,2026-07-01,2026-07-30
PJ0091,2026-04-30,0,0.42728892,2026-05-01,2026-05-30
PJ0092,2026-01-28,1,0.66539973,2026-01-29,2026-02-27
PJ0093,2026-04-30,1,0.7233483,2026-05-01,2026-05-30
PJ0094,2026-04-30,1,0.6483641,2026-05-01,2026-05-30
PJ0095,2026-06-30,1,0.7028586,2026-07-01,2026-07-30
PJ0096,2026-01-28,1,0.6243798,2026-01-29,2026-02-27
PJ0097,2026-01-28,1,0.72102845,2026-01-29,2026-02-27
PJ0098,2026-02-28,1,0.677419,2026-03-01,2026-03-30
PJ0099,2026-02-28,1,0.55767494,2026-03-01,2026-03-30
PJ0100,2026-02-28,0,0.3561299,2026-03-01,2026-03-30
PJ0101,2026-02-28,0,0.2530202,2026-03-01,2026-03-30
PJ0102,2026-04-30,1,0.6058063,2026-05-01,2026-05-30
PJ0103,2026-06-30,1,0.6320012,2026-07-01,2026-07-30
PJ0104,2026-04-30,0,0.33187318,2026-05-01,2026-05-30
PJ0105,2026-03-28,1,0.74159557,2026-03-29,2026-04-27
PJ0106,2026-01-28,1,0.61297256,2026-01-29,2026-02-27
PJ0107,2026-06-30,0,0.44303772,2026-07-01,2026-07-30
PJ0108,2026-06-30,1,0.5166068,2026-07-01,2026-07-30
PJ0109,2026-01-28,1,0.75109947,2026-01-29,2026-02-27
PJ0110,2026-03-28,0,0.4187631,2026-03-29,2026-04-27
PJ0111,2026-06-30,0,0.37514365,2026-07-01,2026-07-30
PJ0112,2026-05-28,0,0.47360402,2026-05-29,2026-06-27
PJ0113,2026-05-28,0,0.49587065,2026-05-29,2026-06-27
PJ0114,2026-05-28,1,0.6678864,2026-05-29,2026-06-27
PJ0115,2026-06-30,1,0.7078677,2026-07-01,2026-07-30
PJ0116,2026-03-28,1,0.7417218,2026-03-29,2026-04-27
PJ0117,2026-02-28,0,0.2404714,2026-03-01,2026-03-30
PJ0118,2026-02-28,0,0.36372337,2026-03-01,2026-03-30
PJ0119,2026-03-28,0,0.17390499,2026-03-29,2026-04-27
PJ0120,2026-05-28,1,0.56256115,2026-05-29,2026-06-27
PJ0121,2026-06-30,1,0.7184997,2026-07-01,2026-07-30
PJ0122,2026-05-28,1,0.5225184,2026-05-29,2026-06-27
PJ0123,2026-01-28,0,0.36396667,2026-01-29,2026-02-27
PJ0124,2026-02-28,1,0.66784906,2026-03-01,2026-03-30
PJ0125,2026-01-28,1,0.67452466,2026-01-29,2026-02-27
PJ0126,2026-05-28,1,0.7127684,2026-05-29,2026-06-27
PJ0127,2026-03-28,1,0.7167257,2026-03-29,2026-04-27
PJ0128,2026-03-28,1,0.70541537,2026-03-29,2026-04-27
PJ0129,2026-04-30,1,0.67578655,2026-05-01,2026-05-30
PJ0130,2026-05-28,0,0.43789658,2026-05-29,2026-06-27
PJ0131,2026-03-28,0,0.15474238,2026-03-29,2026-04-27
PJ0132,2026-06-30,1,0.68403417,2026-07-01,2026-07-30
PJ0133,2026-03-28,1,0.63888294,2026-03-29,2026-04-27
PJ0134,2026-03-28,1,0.6425215,2026-03-29,2026-04-27
PJ0135,2026-06-30,0,0.38205352,2026-07-01,2026-07-30
PJ0136,2026-03-28,1,0.7319261,2026-03-29,2026-04-27
PJ0137,2026-03-28,1,0.62136483,2026-03-29,2026-04-27
PJ0138,2026-06-30,0,0.42827672,2026-07-01,2026-07-30
PJ0139,2026-05-28,1,0.71351594,2026-05-29,2026-06-27
PJ0140,2026-06-30,1,0.7256259,2026-07-01,2026-07-30
PJ0141,2026-02-28,1,0.64751846,2026-03-01,2026-03-30
PJ0142,2026-06-30,1,0.7058075,2026-07-01,2026-07-30
PJ0143,2026-03-28,1,0.72664434,2026-03-29,2026-04-27
PJ0144,2026-05-28,0,0.20517665,2026-05-29,2026-06-27
PJ0145,2026-02-28,0,0.1926316,2026-03-01,2026-03-30
PJ0146,2026-01-28,1,0.71663606,2026-01-29,2026-02-27
PJ0147,2026-05-28,1,0.57904494,2026-05-29,2026-06-27
PJ0148,2026-05-28,0,0.37638202,2026-05-29,2026-06-27
PJ0149,2026-02-28,1,0.6818452,2026-03-01,2026-03-30
PJ0150,2026-02-28,0,0.23314536,2026-03-01,2026-03-30
PJ0151,2026-05-28,1,0.59304756,2026-05-29,2026-06-27
PJ0152,2026-01-28,0,0.24101904,2026-01-29,2026-02-27
PJ0153,2026-05-28,1,0.5543403,2026-05-29,2026-06-27
PJ0154,2026-02-28,0,0.45189354,2026-03-01,2026-03-30
PJ0155,2026-03-28,1,0.54250896,2026-03-29,2026-04-27
PJ0156,2026-05-28,0,0.2268658,2026-05-29,2026-06-27
PJ0157,2026-04-30,1,0.6799849,2026-05-01,2026-05-30
PJ0158,2026-03-28,1,0.77993166,2026-03-29,2026-04-27
PJ0159,2026-06-30,0,0.4208115,2026-07-01,2026-07-30
PJ0160,2026-04-30,1,0.6939894,2026-05-01,2026-05-30
PJ0161,2026-04-30,1,0.6940397,2026-05-01,2026-05-30
PJ0162,2026-03-28,0,0.2461947,2026-03-29,2026-04-27
PJ0163,2026-03-28,1,0.67527914,2026-03-29,2026-04-27
PJ0164,2026-04-30,1,0.5379605,2026-05-01,2026-05-30
PJ0165,2026-05-28,1,0.62704134,2026-05-29,2026-06-27
PJ0166,2026-03-28,1,0.6466761,2026-03-29,2026-04-27
PJ0167,2026-01-28,1,0.6390716,2026-01-29,2026-02-27
PJ0168,2026-04-30,0,0.37015757,2026-05-01,2026-05-30
PJ0169,2026-04-30,1,0.65350616,2026-05-01,2026-05-30
PJ0170,2026-04-30,0,0.4438833,2026-05-01,2026-05-30
PJ0171,2026-06-30,0,0.18075427,2026-07-01,2026-07-30
PJ0172,2026-01-28,0,0.42813608,2026-01-29,2026-02-27
PJ0173,2026-04-30,0,0.19344579,2026-05-01,2026-05-30
PJ0174,2026-03-28,0,0.3499331,2026-03-29,2026-04-27
PJ0175,2026-03-28,0,0.4117188,2026-03-29,2026-04-27
PJ0176,2026-04-30,0,0.45073193,2026-05-01,2026-05-30
PJ0177,2026-02-28,0,0.38703752,2026-03-01,2026-03-30
PJ0178,2026-02-28,1,0.6492631,2026-03-01,2026-03-30
PJ0179,2026-05-28,1,0.6815375,2026-05-29,2026-06-27
PJ0180,2026-06-30,0,0.4869534,2026-07-01,2026-07-30
PJ0181,2026-06-30,1,0.5217643,2026-07-01,2026-07-30
PJ0182,2026-02-28,0,0.42485392,2026-03-01,2026-03-30
PJ0183,2026-03-28,1,0.57526696,2026-03-29,2026-04-27
PJ0184,2026-04-30,1,0.7317959,2026-05-01,2026-05-30
PJ0185,2026-06-30,1,0.6943575,2026-07-01,2026-07-30
PJ0186,2026-04-30,0,0.23908938,2026-05-01,2026-05-30
PJ0187,2026-03-28,1,0.72010237,2026-03-29,2026-04-27
PJ0188,2026-02-28,1,0.63444424,2026-03-01,2026-03-30
PJ0189,2026-03-28,0,0.2027063,2026-03-29,2026-04-27
PJ0190,2026-02-28,0,0.4638273,2026-03-01,2026-03-30
PJ0191,2026-01-28,0,0.4089009,2026-01-29,2026-02-27
PJ0192,2026-06-30,1,0.71881276,2026-07-01,2026-07-30
PJ0193,2026-04-30,1,0.65350616,2026-05-01,2026-05-30
PJ0194,2026-05-28,1,0.52194095,2026-05-29,2026-06-27
PJ0195,2026-01-28,1,0.51160866,2026-01-29,2026-02-27
PJ0196,2026-05-28,1,0.6441079,2026-05-29,2026-06-27
PJ0197,2026-03-28,1,0.7222804,2026-03-29,2026-04-27
PJ0198,2026-02-28,1,0.6415359,2026-03-01,2026-03-30
PJ0199,2026-05-28,1,0.58903486,2026-05-29,2026-06-27
PJ0200,2026-05-28,1,0.7205543,2026-05-29,2026-06-27
PJ0201,2026-03-28,0,0.48074588,2026-03-29,2026-04-27
PJ0202,2026-03-28,0,0.22965558,2026-03-29,2026-04-27
PJ0203,2026-02-28,1,0.6765633,2026-03-01,2026-03-30
PJ0204,2026-05-28,1,0.65089726,2026-05-29,2026-06-27
PJ0205,2026-03-28,1,0.71905255,2026-03-29,2026-04-27
PJ0206,2026-01-28,0,0.21725914,2026-01-29,2026-02-27
PJ0207,2026-06-30,0,0.17027229,2026-07-01,2026-07-30
PJ0208,2026-05-28,0,0.34715945,2026-05-29,2026-06-27
PJ0209,2026-04-30,0,0.45622787,2026-05-01,2026-05-30
PJ0210,2026-01-28,0,0.35557625,2026-01-29,2026-02-27
PJ0211,2026-05-28,1,0.56279665,2026-05-29,2026-06-27
PJ0212,2026-03-28,1,0.64984965,2026-03-29,2026-04-27
PJ0213,2026-04-30,1,0.63211304,2026-05-01,2026-05-30
PJ0214,2026-01-28,1,0.57034063,2026-01-29,2026-02-27
PJ0215,2026-05-28,1,0.6434506,2026-05-29,2026-06-27
PJ0216,2026-03-28,0,0.35554042,2026-03-29,2026-04-27
PJ0217,2026-02-28,1,0.7056788,2026-03-01,2026-03-30
PJ0218,2026-01-28,0,0.4251799,2026-01-29,2026-02-27
PJ0219,2026-04-30,1,0.6874231,2026-05-01,2026-05-30
PJ0220,2026-06-30,1,0.7085389,2026-07-01,2026-07-30
PJ0221,2026-04-30,1,0.7270836,2026-05-01,2026-05-30
PJ0222,2026-02-28,0,0.35027933,2026-03-01,2026-03-30
PJ0223,2026-03-28,1,0.719335,2026-03-29,2026-04-27
PJ0224,2026-06-30,0,0.4862022,2026-07-01,2026-07-30
PJ0225,2026-01-28,0,0.27943146,2026-01-29,2026-02-27
PJ0226,2026-02-28,1,0.6473844,2026-03-01,2026-03-30
PJ0227,2026-04-30,1,0.55156785,2026-05-01,2026-05-30
PJ0228,2026-03-28,1,0.67299247,2026-03-29,2026-04-27
PJ0229,2026-04-30,1,0.5177332,2026-05-01,2026-05-30
PJ0230,2026-04-30,1,0.62949926,2026-05-01,2026-05-30
PJ0231,2026-06-30,0,0.35988256,2026-07-01,2026-07-30
PJ0232,2026-01-28,1,0.72700894,2026-01-29,2026-02-27
PJ0233,2026-03-28,1,0.6147721,2026-03-29,2026-04-27
PJ0234,2026-04-30,0,0.48025653,2026-05-01,2026-05-30
PJ0235,2026-02-28,1,0.65045124,2026-03-01,2026-03-30
PJ0236,2026-01-28,0,0.2755335,2026-01-29,2026-02-27
PJ0237,2026-01-28,1,0.6420457,2026-01-29,2026-02-27
PJ0238,2026-03-28,0,0.2227162,2026-03-29,2026-04-27
PJ0239,2026-01-28,0,0.32464176,2026-01-29,2026-02-27
PJ0240,2026-06-30,1,0.5078335,2026-07-01,2026-07-30
PJ0241,2026-04-30,1,0.5663921,2026-05-01,2026-05-30
PJ0242,2026-06-30,1,0.72090274,2026-07-01,2026-07-30
PJ0243,2026-04-30,1,0.5495101,2026-05-01,2026-05-30
PJ0244,2026-05-28,1,0.6360217,2026-05-29,2026-06-27
PJ0245,2026-01-28,0,0.28947794,2026-01-29,2026-02-27
PJ0246,2026-03-28,0,0.189075,2026-03-29,2026-04-27
PJ0247,2026-03-28,0,0.44818285,2026-03-29,2026-04-27
PJ0248,2026-01-28,1,0.52409387,2026-01-29,2026-02-27
PJ0249,2026-04-30,1,0.68545735,2026-05-01,2026-05-30
PJ0250,2026-03-28,1,0.7145174,2026-03-29,2026-04-27
PJ0251,2026-01-28,1,0.5953611,2026-01-29,2026-02-27
PJ0252,2026-03-28,0,0.40625608,2026-03-29,2026-04-27
PJ0253,2026-02-28,0,0.3993633,2026-03-01,2026-03-30
PJ0254,2026-05-28,0,0.44267195,2026-05-29,2026-06-27
PJ0255,2026-04-30,1,0.69584876,2026-05-01,2026-05-30
PJ0256,2026-06-30,0,0.2030149,2026-07-01,2026-07-30
PJ0257,2026-02-28,1,0.713861,2026-03-01,2026-03-30
PJ0258,2026-01-28,1,0.5077198,2026-01-29,2026-02-27
PJ0259,2026-01-28,1,0.65100586,2026-01-29,2026-02-27
PJ0260,2026-03-28,0,0.3949082,2026-03-29,2026-04-27
PJ0261,2026-05-28,1,0.754087,2026-05-29,2026-06-27
PJ0262,2026-03-28,0,0.15102363,2026-03-29,2026-04-27
PJ0263,2026-02-28,0,0.35027933,2026-03-01,2026-03-30
PJ0264,2026-01-28,1,0.69717354,2026-01-29,2026-02-27
PJ0265,2026-03-28,1,0.7173895,2026-03-29,2026-04-27
PJ0266,2026-04-30,1,0.69140166,2026-05-01,2026-05-30
PJ0267,2026-01-28,1,0.69764036,2026-01-29,2026-02-27
PJ0268,2026-06-30,0,0.16462967,2026-07-01,2026-07-30
PJ0269,2026-06-30,0,0.40786332,2026-07-01,2026-07-30
PJ0270,2026-01-28,0,0.23311397,2026-01-29,2026-02-27
PJ0271,2026-03-28,1,0.7239906,2026-03-29,2026-04-27
PJ0272,2026-06-30,1,0.67476195,2026-07-01,2026-07-30
PJ0273,2026-05-28,1,0.53666407,2026-05-29,2026-06-27
PJ0274,2026-03-28,1,0.6943575,2026-03-29,2026-04-27
PJ0275,2026-01-28,1,0.6670199,2026-01-29,2026-02-27
PJ0276,2026-02-28,1,0.70598376,2026-03-01,2026-03-30
PJ0277,2026-02-28,1,0.6675074,2026-03-01,2026-03-30
PJ0278,2026-06-30,1,0.685972,2026-07-01,2026-07-30
PJ0279,2026-03-28,1,0.67555076,2026-03-29,2026-04-27
PJ0280,2026-05-28,1,0.59594595,2026-05-29,2026-06-27
PJ0281,2026-02-28,1,0.515671,2026-03-01,2026-03-30
PJ0282,2026-04-30,1,0.6520587,2026-05-01,2026-05-30
PJ0283,2026-01-28,1,0.66368437,2026-01-29,2026-02-27
PJ0284,2026-06-30,1,0.52240574,2026-07-01,2026-07-30
PJ0285,2026-02-28,1,0.58006746,2026-03-01,2026-03-30
PJ0286,2026-03-28,1,0.6678942,2026-03-29,2026-04-27
PJ0287,2026-04-30,0,0.3025948,2026-05-01,2026-05-30
PJ0288,2026-03-28,1,0.5903357,2026-03-29,2026-04-27
PJ0289,2026-05-28,1,0.64556265,2026-05-29,2026-06-27
PJ0290,2026-02-28,0,0.4265044,2026-03-01,2026-03-30
PJ0291,2026-01-28,1,0.5869797,2026-01-29,2026-02-27
PJ0292,2026-03-28,1,0.7045246,2026-03-29,2026-04-27
PJ0293,2026-03-28,0,0.30845582,2026-03-29,2026-04-27
PJ0294,2026-02-28,1,0.6334562,2026-03-01,2026-03-30
PJ0295,2026-01-28,0,0.44178984,2026-01-29,2026-02-27
PJ0296,2026-04-30,1,0.71298254,2026-05-01,2026-05-30
PJ0297,2026-06-30,0,0.339044,2026-07-01,2026-07-30
PJ0298,2026-03-28,1,0.5966084,2026-03-29,2026-04-27
PJ0299,2026-04-30,0,0.2744545,2026-05-01,2026-05-30
PJ0300,2026-06-30,0,0.35999152,2026-07-01,2026-07-30
PJ0301,2026-04-30,1,0.67372435,2026-05-01,2026-05-30
PJ0302,2026-03-28,0,0.3532535,2026-03-29,2026-04-27
PJ0303,2026-05-28,1,0.64585173,2026-05-29,2026-06-27
PJ0304,2026-01-28,1,0.64713544,2026-01-29,2026-02-27
PJ0305,2026-02-28,0,0.38530114,2026-03-01,2026-03-30
PJ0306,2026-05-28,0,0.294564,2026-05-29,2026-06-27
PJ0307,2026-03-28,1,0.6170051,2026-03-29,2026-04-27
PJ0308,2026-06-30,1,0.67950815,2026-07-01,2026-07-30
PJ0309,2026-01-28,1,0.7148543,2026-01-29,2026-02-27
PJ0310,2026-03-28,1,0.67832655,2026-03-29,2026-04-27
PJ0311,2026-04-30,1,0.6538067,2026-05-01,2026-05-30
PJ0312,2026-03-28,1,0.63211304,2026-03-29,2026-04-27
PJ0313,2026-06-30,1,0.6765489,2026-07-01,2026-07-30
PJ0314,2026-02-28,1,0.72858423,2026-03-01,2026-03-30
PJ0315,2026-02-28,0,0.3428525,2026-03-01,2026-03-30
PJ0316,2026-02-28,1,0.6829605,2026-03-01,2026-03-30
PJ0317,2026-04-30,1,0.73554087,2026-05-01,2026-05-30
PJ0318,2026-02-28,0,0.47449842,2026-03-01,2026-03-30
PJ0319,2026-02-28,0,0.21260872,2026-03-01,2026-03-30
PJ0320,2026-04-30,0,0.15940498,2026-05-01,2026-05-30
PJ0321,2026-02-28,1,0.55375457,2026-03-01,2026-03-30
PJ0322,2026-06-30,0,0.20462057,2026-07-01,2026-07-30
PJ0323,2026-06-30,0,0.40622175,2026-07-01,2026-07-30
PJ0324,2026-05-28,1,0.59056157,2026-05-29,2026-06-27
PJ0325,2026-03-28,1,0.59350324,2026-03-29,2026-04-27
PJ0326,2026-01-28,1,0.63957167,2026-01-29,2026-02-27
PJ0327,2026-04-30,1,0.52391076,2026-05-01,2026-05-30
PJ0328,2026-04-30,1,0.71691656,2026-05-01,2026-05-30
PJ0329,2026-05-28,1,0.75282764,2026-05-29,2026-06-27
PJ0330,2026-04-30,0,0.23612553,2026-05-01,2026-05-30
PJ0331,2026-01-28,1,0.67372435,2026-01-29,2026-02-27
PJ0332,2026-03-28,0,0.44870633,2026-03-29,2026-04-27
PJ0333,2026-03-28,0,0.23428361,2026-03-29,2026-04-27
PJ0334,2026-06-30,0,0.16552135,2026-07-01,2026-07-30
PJ0335,2026-03-28,1,0.7372129,2026-03-29,2026-04-27
PJ0336,2026-05-28,1,0.5316061,2026-05-29,2026-06-27
PJ0337,2026-04-30,1,0.51548743,2026-05-01,2026-05-30
PJ0338,2026-05-28,1,0.5240214,2026-05-29,2026-06-27
PJ0339,2026-03-28,0,0.38623592,2026-03-29,2026-04-27
PJ0340,2026-04-30,1,0.561198,2026-05-01,2026-05-30
PJ0341,2026-04-30,1,0.5545294,2026-05-01,2026-05-30
PJ0342,2026-03-28,1,0.6113983,2026-03-29,2026-04-27
PJ0343,2026-03-28,0,0.24172525,2026-03-29,2026-04-27
PJ0344,2026-06-30,1,0.6442493,2026-07-01,2026-07-30
PJ0345,2026-04-30,1,0.7376371,2026-05-01,2026-05-30
PJ0346,2026-03-28,1,0.6485002,2026-03-29,2026-04-27
PJ0347,2026-06-30,1,0.6365305,2026-07-01,2026-07-30
PJ0348,2026-03-28,1,0.521273,2026-03-29,2026-04-27
PJ0349,2026-02-28,0,0.34790894,2026-03-01,2026-03-30
PJ0350,2026-03-28,1,0.67227983,2026-03-29,2026-04-27
PJ0351,2026-06-30,0,0.38648403,2026-07-01,2026-07-30
PJ0352,2026-03-28,1,0.52029353,2026-03-29,2026-04-27
PJ0353,2026-06-30,1,0.74359465,2026-07-01,2026-07-30
PJ0354,2026-05-28,1,0.6334089,2026-05-29,2026-06-27
PJ0355,2026-01-28,1,0.63307446,2026-01-29,2026-02-27
PJ0356,2026-06-30,0,0.22362447,2026-07-01,2026-07-30
PJ0357,2026-03-28,0,0.4752033,2026-03-29,2026-04-27
PJ0358,2026-03-28,0,0.46316585,2026-03-29,2026-04-27
PJ0359,2026-02-28,1,0.63957167,2026-03-01,2026-03-30
PJ0360,2026-06-30,1,0.6939894,2026-07-01,2026-07-30
PJ0361,2026-01-28,0,0.41729063,2026-01-29,2026-02-27
PJ0362,2026-02-28,1,0.725625,2026-03-01,2026-03-30
PJ0363,2026-03-28,1,0.7332756,2026-03-29,2026-04-27
PJ0364,2026-06-30,1,0.73239464,2026-07-01,2026-07-30
PJ0365,2026-06-30,0,0.49550205,2026-07-01,2026-07-30
PJ0366,2026-02-28,1,0.7310536,2026-03-01,2026-03-30
PJ0367,2026-06-30,1,0.5870578,2026-07-01,2026-07-30
PJ0368,2026-04-30,0,0.36474392,2026-05-01,2026-05-30
PJ0369,2026-03-28,0,0.28686875,2026-03-29,2026-04-27
PJ0370,2026-05-28,0,0.39988148,2026-05-29,2026-06-27
PJ0371,2026-03-28,1,0.75070196,2026-03-29,2026-04-27
PJ0372,2026-05-28,1,0.66799814,2026-05-29,2026-06-27
PJ0373,2026-01-28,0,0.46442348,2026-01-29,2026-02-27
PJ0374,2026-05-28,0,0.49409583,2026-05-29,2026-06-27
PJ0375,2026-02-28,0,0.21672522,2026-03-01,2026-03-30
PJ0376,2026-03-28,1,0.68432236,2026-03-29,2026-04-27
PJ0377,2026-01-28,0,0.20420104,2026-01-29,2026-02-27
PJ0378,2026-06-30,1,0.7271675,2026-07-01,2026-07-30
PJ0379,2026-06-30,1,0.66330886,2026-07-01,2026-07-30
PJ0380,2026-06-30,0,0.38250026,2026-07-01,2026-07-30
PJ0381,2026-06-30,1,0.65462655,2026-07-01,2026-07-30
PJ0382,2026-05-28,1,0.52416295,2026-05-29,2026-06-27
PJ0383,2026-01-28,0,0.35888776,2026-01-29,2026-02-27
PJ0384,2026-06-30,0,0.31394365,2026-07-01,2026-07-30
PJ0385,2026-06-30,0,0.4038271,2026-07-01,2026-07-30
PJ0386,2026-01-28,1,0.6778731,2026-01-29,2026-02-27
PJ0387,2026-04-30,0,0.32359362,2026-05-01,2026-05-30
PJ0388,2026-01-28,1,0.65869963,2026-01-29,2026-02-27
PJ0389,2026-06-30,0,0.22030203,2026-07-01,2026-07-30
PJ0390,2026-05-28,0,0.45600986,2026-05-29,2026-06-27
PJ0391,2026-05-28,0,0.36512777,2026-05-29,2026-06-27
PJ0392,2026-04-30,1,0.7256259,2026-05-01,2026-05-30
PJ0393,2026-02-28,1,0.52416295,2026-03-01,2026-03-30
PJ0394,2026-05-28,1,0.6810902,2026-05-29,2026-06-27
PJ0395,2026-04-30,0,0.39270267,2026-05-01,2026-05-30
PJ0396,2026-06-30,0,0.23014145,2026-07-01,2026-07-30
PJ0397,2026-05-28,1,0.53839356,2026-05-29,2026-06-27
PJ0398,2026-03-28,1,0.5003713,2026-03-29,2026-04-27
PJ0399,2026-05-28,0,0.22530153,2026-05-29,2026-06-27
PJ0400,2026-03-28,1,0.72170687,2026-03-29,2026-04-27
PJ0401,2026-06-30,1,0.52237505,2026-07-01,2026-07-30
PJ0402,2026-03-28,0,0.2183194,2026-03-29,2026-04-27
PJ0403,2026-03-28,0,0.20796344,2026-03-29,2026-04-27
PJ0404,2026-01-28,1,0.6645674,2026-01-29,2026-02-27
PJ0405,2026-02-28,1,0.5966272,2026-03-01,2026-03-30
PJ0406,2026-04-30,1,0.67240095,2026-05-01,2026-05-30
PJ0407,2026-04-30,0,0.24846683,2026-05-01,2026-05-30
PJ0408,2026-02-28,1,0.70222855,2026-03-01,2026-03-30
PJ0409,2026-03-28,0,0.17580645,2026-03-29,2026-04-27
PJ0410,2026-06-30,1,0.6521372,2026-07-01,2026-07-30
PJ0411,2026-05-28,1,0.52948374,2026-05-29,2026-06-27
PJ0412,2026-03-28,1,0.5465183,2026-03-29,2026-04-27
PJ0413,2026-02-28,1,0.57064307,2026-03-01,2026-03-30
PJ0414,2026-06-30,1,0.6946727,2026-07-01,2026-07-30
PJ0415,2026-03-28,1,0.7402372,2026-03-29,2026-04-27
PJ0416,2026-03-28,0,0.3925914,2026-03-29,2026-04-27
PJ0417,2026-02-28,1,0.7264687,2026-03-01,2026-03-30
PJ0418,2026-05-28,1,0.70816225,2026-05-29,2026-06-27
PJ0419,2026-05-28,1,0.64968014,2026-05-29,2026-06-27
PJ0420,2026-01-28,0,0.20577778,2026-01-29,2026-02-27
PJ0421,2026-02-28,1,0.6861756,2026-03-01,2026-03-30
PJ0422,2026-04-30,1,0.5984046,2026-05-01,2026-05-30
PJ0423,2026-03-28,1,0.74065596,2026-03-29,2026-04-27
PJ0424,2026-03-28,0,0.43432394,2026-03-29,2026-04-27
PJ0425,2026-02-28,1,0.59987384,2026-03-01,2026-03-30
PJ0426,2026-03-28,1,0.6276479,2026-03-29,2026-04-27
PJ0427,2026-02-28,1,0.6391769,2026-03-01,2026-03-30
PJ0428,2026-01-28,1,0.64227664,2026-01-29,2026-02-27
PJ0429,2026-06-30,1,0.53745395,2026-07-01,2026-07-30
PJ0430,2026-05-28,1,0.6398232,2026-05-29,2026-06-27
PJ0431,2026-06-30,0,0.20800869,2026-07-01,2026-07-30
PJ0432,2026-01-28,1,0.7472362,2026-01-29,2026-02-27
PJ0433,2026-05-28,0,0.1870626,2026-05-29,2026-06-27
PJ0434,2026-03-28,1,0.6243798,2026-03-29,2026-04-27
PJ0435,2026-06-30,1,0.6192178,2026-07-01,2026-07-30
PJ0436,2026-03-28,1,0.7041998,2026-03-29,2026-04-27
PJ0437,2026-06-30,0,0.38374987,2026-07-01,2026-07-30
PJ0438,2026-05-28,1,0.6401124,2026-05-29,2026-06-27
PJ0439,2026-05-28,0,0.32622117,2026-05-29,2026-06-27
PJ0440,2026-01-28,1,0.6732905,2026-01-29,2026-02-27
PJ0441,2026-03-28,0,0.36302686,2026-03-29,2026-04-27
PJ0442,2026-03-28,1,0.59449285,2026-03-29,2026-04-27
PJ0443,2026-02-28,1,0.6335738,2026-03-01,2026-03-30
PJ0444,2026-04-30,1,0.7649004,2026-05-01,2026-05-30
PJ0445,2026-01-28,1,0.7393336,2026-01-29,2026-02-27
PJ0446,2026-05-28,0,0.49239475,2026-05-29,2026-06-27
PJ0447,2026-02-28,1,0.748049,2026-03-01,2026-03-30
PJ0448,2026-01-28,1,0.57495576,2026-01-29,2026-02-27
PJ0449,2026-04-30,0,0.3327437,2026-05-01,2026-05-30
PJ0450,2026-01-28,1,0.68659896,2026-01-29,2026-02-27
PJ0451,2026-05-28,1,0.6757399,2026-05-29,2026-06-27
PJ0452,2026-06-30,1,0.5221201,2026-07-01,2026-07-30
PJ0453,2026-02-28,0,0.40584436,2026-03-01,2026-03-30
PJ0454,2026-02-28,1,0.7176431,2026-03-01,2026-03-30
PJ0455,2026-06-30,0,0.45267454,2026-07-01,2026-07-30
PJ0456,2026-06-30,1,0.6991537,2026-07-01,2026-07-30
PJ0457,2026-06-30,1,0.5645598,2026-07-01,2026-07-30
PJ0458,2026-01-28,1,0.70541537,2026-01-29,2026-02-27
PJ0459,2026-06-30,0,0.4745756,2026-07-01,2026-07-30
PJ0460,2026-05-28,1,0.70962405,2026-05-29,2026-06-27
PJ0461,2026-01-28,1,0.7100201,2026-01-29,2026-02-27
PJ0462,2026-03-28,1,0.5534924,2026-03-29,2026-04-27
PJ0463,2026-01-28,1,0.6660559,2026-01-29,2026-02-27
PJ0464,2026-06-30,1,0.6369983,2026-07-01,2026-07-30
PJ0465,2026-06-30,0,0.19638488,2026-07-01,2026-07-30
PJ0466,2026-06-30,1,0.6441079,2026-07-01,2026-07-30
PJ0467,2026-03-28,1,0.7542731,2026-03-29,2026-04-27
PJ0468,2026-01-28,0,0.4927057,2026-01-29,2026-02-27
PJ0469,2026-06-30,0,0.33729213,2026-07-01,2026-07-30
PJ0470,2026-03-28,0,0.41667378,2026-03-29,2026-04-27
PJ0471,2026-04-30,1,0.65410995,2026-05-01,2026-05-30
PJ0472,2026-04-30,1,0.6522808,2026-05-01,2026-05-30
PJ0473,2026-03-28,1,0.6849027,2026-03-29,2026-04-27
PJ0474,2026-01-28,0,0.36762956,2026-01-29,2026-02-27
PJ0475,2026-02-28,1,0.65869963,2026-03-01,2026-03-30
PJ0476,2026-05-28,1,0.6873616,2026-05-29,2026-06-27
PJ0477,2026-06-30,0,0.23700191,2026-07-01,2026-07-30
PJ0478,2026-04-30,0,0.37884274,2026-05-01,2026-05-30
PJ0479,2026-05-28,1,0.72138864,2026-05-29,2026-06-27
PJ0480,2026-05-28,1,0.7124427,2026-05-29,2026-06-27
PJ0481,2026-05-28,1,0.69082266,2026-05-29,2026-06-27
PJ0482,2026-01-28,0,0.22812143,2026-01-29,2026-02-27
PJ0483,2026-03-28,0,0.40660006,2026-03-29,2026-04-27
PJ0484,2026-02-28,1,0.7078677,2026-03-01,2026-03-30
PJ0485,2026-03-28,0,0.38841385,2026-03-29,2026-04-27
PJ0486,2026-04-30,1,0.6444246,2026-05-01,2026-05-30
PJ0487,2026-05-28,0,0.39754,2026-05-29,2026-06-27
PJ0488,2026-06-30,0,0.27984944,2026-07-01,2026-07-30
PJ0489,2026-02-28,0,0.23741841,2026-03-01,2026-03-30
PJ0490,2026-05-28,0,0.22896953,2026-05-29,2026-06-27
PJ0491,2026-06-30,1,0.69802636,2026-07-01,2026-07-30
PJ0492,2026-02-28,0,0.47450355,2026-03-01,2026-03-30
PJ0493,2026-01-28,0,0.19208597,2026-01-29,2026-02-27
PJ0494,2026-06-30,0,0.43238074,2026-07-01,2026-07-30
PJ0495,2026-06-30,1,0.77822256,2026-07-01,2026-07-30
PJ0496,2026-02-28,1,0.6868478,2026-03-01,2026-03-30
PJ0497,2026-03-28,1,0.6030249,2026-03-29,2026-04-27
PJ0498,2026-01-28,1,0.70551664,2026-01-29,2026-02-27
PJ0499,2026-04-30,1,0.67224216,2026-05-01,2026-05-30
PJ0500,2026-04-30,0,0.49196994,2026-05-01,2026-05-30
PJ0501,2026-03-28,0,0.4477781,2026-03-29,2026-04-27
PJ0502,2026-05-28,0,0.19413953,2026-05-29,2026-06-27
PJ0503,2026-06-30,0,0.36335573,2026-07-01,2026-07-30
PJ0504,2026-02-28,1,0.53034484,2026-03-01,2026-03-30
PJ0505,2026-01-28,1,0.71174306,2026-01-29,2026-02-27
PJ0506,2026-03-28,1,0.5604665,2026-03-29,2026-04-27
PJ0507,2026-05-28,0,0.23471513,2026-05-29,2026-06-27
PJ0508,2026-06-30,0,0.24525392,2026-07-01,2026-07-30
PJ0509,2026-03-28,1,0.7498183,2026-03-29,2026-04-27
PJ0510,2026-01-28,0,0.3700204,2026-01-29,2026-02-27
PJ0511,2026-03-28,0,0.49604413,2026-03-29,2026-04-27
PJ0512,2026-06-30,1,0.66664946,2026-07-01,2026-07-30
PJ0513,2026-02-28,0,0.4411189,2026-03-01,2026-03-30
PJ0514,2026-01-28,0,0.2704765,2026-01-29,2026-02-27
PJ0515,2026-05-28,0,0.45919243,2026-05-29,2026-06-27
PJ0516,2026-06-30,0,0.47270277,2026-07-01,2026-07-30
PJ0517,2026-04-30,0,0.36854744,2026-05-01,2026-05-30
PJ0518,2026-02-28,1,0.6861872,2026-03-01,2026-03-30
PJ0519,2026-04-30,0,0.32273617,2026-05-01,2026-05-30
PJ0520,2026-03-28,0,0.34189156,2026-03-29,2026-04-27
PJ0521,2026-06-30,0,0.3541393,2026-07-01,2026-07-30
PJ0522,2026-06-30,1,0.6180497,2026-07-01,2026-07-30
PJ0523,2026-03-28,1,0.63713145,2026-03-29,2026-04-27
PJ0524,2026-06-30,0,0.23636146,2026-07-01,2026-07-30
PJ0525,2026-01-28,1,0.67257386,2026-01-29,2026-02-27
PJ0526,2026-01-28,0,0.400837,2026-01-29,2026-02-27
PJ0527,2026-03-28,1,0.5750863,2026-03-29,2026-04-27
PJ0528,2026-02-28,0,0.17209388,2026-03-01,2026-03-30
PJ0529,2026-01-28,0,0.22812143,2026-01-29,2026-02-27
PJ0530,2026-02-28,1,0.5478639,2026-03-01,2026-03-30
PJ0531,2026-04-30,1,0.53032696,2026-05-01,2026-05-30
PJ0532,2026-04-30,1,0.6691263,2026-05-01,2026-05-30
PJ0533,2026-01-28,0,0.26551464,2026-01-29,2026-02-27
PJ0534,2026-06-30,1,0.70346504,2026-07-01,2026-07-30
PJ0535,2026-03-28,0,0.37583658,2026-03-29,2026-04-27
PJ0536,2026-06-30,1,0.7372462,2026-07-01,2026-07-30
PJ0537,2026-04-30,0,0.42759416,2026-05-01,2026-05-30
PJ0538,2026-04-30,0,0.32456124,2026-05-01,2026-05-30
PJ0539,2026-04-30,0,0.25130534,2026-05-01,2026-05-30
PJ0540,2026-04-30,1,0.5473183,2026-05-01,2026-05-30
PJ0541,2026-05-28,1,0.67364633,2026-05-29,2026-06-27
PJ0542,2026-02-28,0,0.45387065,2026-03-01,2026-03-30
PJ0543,2026-06-30,1,0.54663736,2026-07-01,2026-07-30
PJ0544,2026-02-28,0,0.3664648,2026-03-01,2026-03-30
PJ0545,2026-02-28,1,0.5110032,2026-03-01,2026-03-30
PJ0546,2026-05-28,0,0.15307623,2026-05-29,2026-06-27
PJ0547,2026-04-30,0,0.40054226,2026-05-01,2026-05-30
PJ0548,2026-05-28,0,0.23299092,2026-05-29,2026-06-27
PJ0549,2026-01-28,0,0.35462806,2026-01-29,2026-02-27
PJ0550,2026-03-28,0,0.2182918,2026-03-29,2026-04-27
PJ0551,2026-05-28,0,0.3863711,2026-05-29,2026-06-27
PJ0552,2026-06-30,1,0.67499185,2026-07-01,2026-07-30
PJ0553,2026-01-28,1,0.5427641,2026-01-29,2026-02-27
PJ0554,2026-01-28,0,0.4542654,2026-01-29,2026-02-27
PJ0555,2026-01-28,1,0.71049523,2026-01-29,2026-02-27
PJ0556,2026-01-28,0,0.24805345,2026-01-29,2026-02-27
PJ0557,2026-04-30,0,0.18264599,2026-05-01,2026-05-30
PJ0558,2026-03-28,1,0.6493032,2026-03-29,2026-04-27
PJ0559,2026-04-30,0,0.32879913,2026-05-01,2026-05-30
PJ0560,2026-06-30,0,0.42667362,2026-07-01,2026-07-30
PJ0561,2026-01-28,0,0.48191768,2026-01-29,2026-02-27
PJ0562,2026-02-28,1,0.6601565,2026-03-01,2026-03-30
PJ0563,2026-03-28,1,0.63546246,2026-03-29,2026-04-27
PJ0564,2026-02-28,0,0.40555176,2026-03-01,2026-03-30
PJ0565,2026-06-30,0,0.20524858,2026-07-01,2026-07-30
PJ0566,2026-06-30,1,0.6784595,2026-07-01,2026-07-30
PJ0567,2026-01-28,1,0.62129045,2026-01-29,2026-02-27
PJ0568,2026-05-28,1,0.65100586,2026-05-29,2026-06-27
PJ0569,2026-02-28,1,0.5395743,2026-03-01,2026-03-30
PJ0570,2026-06-30,1,0.6340074,2026-07-01,2026-07-30
PJ0571,2026-02-28,1,0.65188736,2026-03-01,2026-03-30
PJ0572,2026-04-30,1,0.6898037,2026-05-01,2026-05-30
PJ0573,2026-06-30,0,0.40323773,2026-07-01,2026-07-30
PJ0574,2026-06-30,1,0.5137751,2026-07-01,2026-07-30
PJ0575,2026-04-30,1,0.672604,2026-05-01,2026-05-30
PJ0576,2026-02-28,1,0.5165807,2026-03-01,2026-03-30
PJ0577,2026-05-28,1,0.766806,2026-05-29,2026-06-27
PJ0578,2026-02-28,0,0.47760862,2026-03-01,2026-03-30
PJ0579,2026-03-28,0,0.37698945,2026-03-29,2026-04-27
PJ0580,2026-02-28,1,0.70325387,2026-03-01,2026-03-30
PJ0581,2026-02-28,0,0.23563929,2026-03-01,2026-03-30
PJ0582,2026-05-28,0,0.48911124,2026-05-29,2026-06-27
PJ0583,2026-06-30,1,0.51614463,2026-07-01,2026-07-30
PJ0584,2026-04-30,0,0.18221019,2026-05-01,2026-05-30
PJ0585,2026-02-28,1,0.59159136,2026-03-01,2026-03-30
PJ0586,2026-01-28,0,0.31624204,2026-01-29,2026-02-27
PJ0587,2026-01-28,1,0.6243798,2026-01-29,2026-02-27
PJ0588,2026-04-30,1,0.6939894,2026-05-01,2026-05-30
PJ0589,2026-01-28,0,0.23678,2026-01-29,2026-02-27
PJ0590,2026-04-30,1,0.64963794,2026-05-01,2026-05-30
PJ0591,2026-01-28,0,0.19916643,2026-01-29,2026-02-27
PJ0592,2026-05-28,0,0.22055188,2026-05-29,2026-06-27
PJ0593,2026-05-28,0,0.4779276,2026-05-29,2026-06-27
PJ0594,2026-06-30,1,0.6633195,2026-07-01,2026-07-30
PJ0595,2026-04-30,0,0.17848513,2026-05-01,2026-05-30
PJ0596,2026-03-28,1,0.56174666,2026-03-29,2026-04-27
PJ0597,2026-06-30,1,0.5062878,2026-07-01,2026-07-30
PJ0598,2026-06-30,0,0.17412026,2026-07-01,2026-07-30
PJ0599,2026-06-30,1,0.73147225,2026-07-01,2026-07-30
PJ0600,2026-03-28,0,0.21207766,2026-03-29,2026-04-27
PJ0601,2026-03-28,1,0.5092277,2026-03-29,2026-04-27
PJ0602,2026-02-28,1,0.6329697,2026-03-01,2026-03-30
PJ0603,2026-01-28,0,0.14889492,2026-01-29,2026-02-27
PJ0604,2026-02-28,1,0.65124494,2026-03-01,2026-03-30
PJ0605,2026-01-28,0,0.22002912,2026-01-29,2026-02-27
PJ0606,2026-03-28,1,0.5695595,2026-03-29,2026-04-27
PJ0607,2026-04-30,1,0.6462112,2026-05-01,2026-05-30
PJ0608,2026-03-28,1,0.6872669,2026-03-29,2026-04-27
PJ0609,2026-02-28,1,0.5254096,2026-03-01,2026-03-30
PJ0610,2026-02-28,0,0.19558097,2026-03-01,2026-03-30
PJ0611,2026-02-28,0,0.16625889,2026-03-01,2026-03-30
PJ0612,2026-06-30,0,0.23921077,2026-07-01,2026-07-30
PJ0613,2026-04-30,0,0.19332916,2026-05-01,2026-05-30
PJ0614,2026-06-30,1,0.72473955,2026-07-01,2026-07-30
PJ0615,2026-06-30,1,0.6842538,2026-07-01,2026-07-30
PJ0616,2026-04-30,0,0.48426715,2026-05-01,2026-05-30
PJ0617,2026-05-28,1,0.5851176,2026-05-29,2026-06-27
PJ0618,2026-02-28,1,0.60771304,2026-03-01,2026-03-30
PJ0619,2026-02-28,1,0.6659211,2026-03-01,2026-03-30
PJ0620,2026-06-30,0,0.13507636,2026-07-01,2026-07-30
PJ0621,2026-05-28,0,0.4388942,2026-05-29,2026-06-27
PJ0622,2026-03-28,0,0.3675361,2026-03-29,2026-04-27
PJ0623,2026-06-30,0,0.40021795,2026-07-01,2026-07-30
PJ0624,2026-03-28,0,0.2442918,2026-03-29,2026-04-27
PJ0625,2026-04-30,1,0.7102631,2026-05-01,2026-05-30
PJ0626,2026-06-30,1,0.65388304,2026-07-01,2026-07-30
PJ0627,2026-06-30,1,0.6755069,2026-07-01,2026-07-30
PJ0628,2026-04-30,0,0.48803946,2026-05-01,2026-05-30
PJ0629,2026-03-28,1,0.7200345,2026-03-29,2026-04-27
PJ0630,2026-04-30,0,0.25103405,2026-05-01,2026-05-30
PJ0631,2026-04-30,0,0.16633841,2026-05-01,2026-05-30
PJ0632,2026-03-28,0,0.2759379,2026-03-29,2026-04-27
PJ0633,2026-05-28,1,0.7229311,2026-05-29,2026-06-27
PJ0634,2026-05-28,0,0.42448002,2026-05-29,2026-06-27
PJ0635,2026-01-28,0,0.37994716,2026-01-29,2026-02-27
PJ0636,2026-03-28,0,0.20228997,2026-03-29,2026-04-27
PJ0637,2026-06-30,0,0.32169726,2026-07-01,2026-07-30
PJ0638,2026-04-30,0,0.40755665,2026-05-01,2026-05-30
PJ0639,2026-05-28,1,0.6951704,2026-05-29,2026-06-27
PJ0640,2026-03-28,0,0.3297398,2026-03-29,2026-04-27
PJ0641,2026-03-28,1,0.6752344,2026-03-29,2026-04-27
PJ0642,2026-01-28,1,0.6457507,2026-01-29,2026-02-27
PJ0643,2026-06-30,1,0.5981361,2026-07-01,2026-07-30
PJ0644,2026-03-28,0,0.23452258,2026-03-29,2026-04-27
PJ0645,2026-04-30,1,0.6444312,2026-05-01,2026-05-30
PJ0646,2026-01-28,0,0.40109038,2026-01-29,2026-02-27
PJ0647,2026-06-30,1,0.718778,2026-07-01,2026-07-30
PJ0648,2026-06-30,0,0.3515161,2026-07-01,2026-07-30
PJ0649,2026-04-30,1,0.7201854,2026-05-01,2026-05-30
PJ0650,2026-05-28,0,0.35141057,2026-05-29,2026-06-27
PJ0651,2026-06-30,1,0.6665292,2026-07-01,2026-07-30
PJ0652,2026-01-28,0,0.49403223,2026-01-29,2026-02-27
PJ0653,2026-04-30,0,0.2869451,2026-05-01,2026-05-30
PJ0654,2026-03-28,0,0.4843059,2026-03-29,2026-04-27
PJ0655,2026-04-30,1,0.62471163,2026-05-01,2026-05-30
PJ0656,2026-03-28,0,0.49046057,2026-03-29,2026-04-27
PJ0657,2026-03-28,1,0.6318163,2026-03-29,2026-04-27
PJ0658,2026-06-30,1,0.5082004,2026-07-01,2026-07-30
PJ0659,2026-02-28,1,0.721322,2026-03-01,2026-03-30
PJ0660,2026-05-28,1,0.7328084,2026-05-29,2026-06-27
PJ0661,2026-02-28,1,0.5893743,2026-03-01,2026-03-30
PJ0662,2026-01-28,1,0.78566074,2026-01-29,2026-02-27
PJ0663,2026-06-30,0,0.45687982,2026-07-01,2026-07-30
PJ0664,2026-01-28,0,0.3317681,2026-01-29,2026-02-27
PJ0665,2026-01-28,0,0.43473858,2026-01-29,2026-02-27
PJ0666,2026-04-30,1,0.51387763,2026-05-01,2026-05-30
PJ0667,2026-06-30,1,0.5621862,2026-07-01,2026-07-30
PJ0668,2026-02-28,0,0.20577778,2026-03-01,2026-03-30
PJ0669,2026-02-28,1,0.6661148,2026-03-01,2026-03-30
PJ0670,2026-05-28,0,0.25687468,2026-05-29,2026-06-27
PJ0671,2026-04-30,1,0.65373147,2026-05-01,2026-05-30
PJ0672,2026-01-28,1,0.5690557,2026-01-29,2026-02-27
PJ0673,2026-05-28,0,0.46482626,2026-05-29,2026-06-27
PJ0674,2026-03-28,0,0.23780754,2026-03-29,2026-04-27
PJ0675,2026-04-30,1,0.59314233,2026-05-01,2026-05-30
PJ0676,2026-03-28,1,0.6865975,2026-03-29,2026-04-27
PJ0677,2026-03-28,1,0.5919728,2026-03-29,2026-04-27
PJ0678,2026-02-28,1,0.5913545,2026-03-01,2026-03-30
PJ0679,2026-03-28,1,0.56165093,2026-03-29,2026-04-27
PJ0680,2026-05-28,0,0.41038686,2026-05-29,2026-06-27
PJ0681,2026-02-28,1,0.6991753,2026-03-01,2026-03-30
PJ0682,2026-01-28,0,0.33195326,2026-01-29,2026-02-27
PJ0683,2026-03-28,1,0.6337838,2026-03-29,2026-04-27
PJ0684,2026-04-30,0,0.19551897,2026-05-01,2026-05-30
PJ0685,2026-02-28,1,0.70102537,2026-03-01,2026-03-30
PJ0686,2026-03-28,1,0.6471757,2026-03-29,2026-04-27
PJ0687,2026-06-30,1,0.70611185,2026-07-01,2026-07-30
PJ0688,2026-04-30,0,0.4127594,2026-05-01,2026-05-30
PJ0689,2026-03-28,0,0.16637285,2026-03-29,2026-04-27
PJ0690,2026-06-30,1,0.62949926,2026-07-01,2026-07-30
PJ0691,2026-04-30,0,0.4177666,2026-05-01,2026-05-30
PJ0692,2026-03-28,0,0.22998807,2026-03-29,2026-04-27
PJ0693,2026-02-28,1,0.731026,2026-03-01,2026-03-30
PJ0694,2026-03-28,0,0.33655173,2026-03-29,2026-04-27
PJ0695,2026-06-30,0,0.2241713,2026-07-01,2026-07-30
PJ0696,2026-05-28,0,0.22294782,2026-05-29,2026-06-27
PJ0697,2026-04-30,0,0.39182594,2026-05-01,2026-05-30
PJ0698,2026-03-28,0,0.23097822,2026-03-29,2026-04-27
PJ0699,2026-02-28,0,0.35950112,2026-03-01,2026-03-30
PJ0700,2026-02-28,0,0.27549374,2026-03-01,2026-03-30
PJ0701,2026-06-30,1,0.63307446,2026-07-01,2026-07-30
PJ0702,2026-03-28,1,0.6715885,2026-03-29,2026-04-27
PJ0703,2026-05-28,0,0.18497938,2026-05-29,2026-06-27
PJ0704,2026-02-28,1,0.5802679,2026-03-01,2026-03-30
PJ0705,2026-06-30,0,0.21608514,2026-07-01,2026-07-30
PJ0706,2026-06-30,0,0.48075712,2026-07-01,2026-07-30
PJ0707,2026-04-30,0,0.3580629,2026-05-01,2026-05-30
PJ0708,2026-03-28,0,0.24980108,2026-03-29,2026-04-27
PJ0709,2026-04-30,1,0.70478636,2026-05-01,2026-05-30
PJ0710,2026-04-30,1,0.54686147,2026-05-01,2026-05-30
PJ0711,2026-04-30,1,0.6757399,2026-05-01,2026-05-30
PJ0712,2026-05-28,0,0.41845757,2026-05-29,2026-06-27
PJ0713,2026-03-28,1,0.505427,2026-03-29,2026-04-27
PJ0714,2026-04-30,0,0.22896953,2026-05-01,2026-05-30
PJ0715,2026-01-28,1,0.66055447,2026-01-29,2026-02-27
PJ0716,2026-02-28,1,0.71352786,2026-03-01,2026-03-30
PJ0717,2026-04-30,1,0.5590242,2026-05-01,2026-05-30
PJ0718,2026-01-28,1,0.70402694,2026-01-29,2026-02-27
PJ0719,2026-02-28,1,0.5063528,2026-03-01,2026-03-30
PJ0720,2026-05-28,1,0.7123565,2026-05-29,2026-06-27
PJ0721,2026-02-28,1,0.5723108,2026-03-01,2026-03-30
PJ0722,2026-01-28,0,0.3496208,2026-01-29,2026-02-27
PJ0723,2026-03-28,1,0.69762474,2026-03-29,2026-04-27
PJ0724,2026-04-30,1,0.5380467,2026-05-01,2026-05-30
PJ0725,2026-01-28,0,0.42447177,2026-01-29,2026-02-27
PJ0726,2026-06-30,1,0.72586715,2026-07-01,2026-07-30
PJ0727,2026-04-30,0,0.30912682,2026-05-01,2026-05-30
PJ0728,2026-05-28,1,0.6227715,2026-05-29,2026-06-27
PJ0729,2026-02-28,1,0.70982516,2026-03-01,2026-03-30
PJ0730,2026-02-28,0,0.4997922,2026-03-01,2026-03-30
PJ0731,2026-01-28,1,0.5311389,2026-01-29,2026-02-27
PJ0732,2026-03-28,1,0.6768618,2026-03-29,2026-04-27
PJ0733,2026-05-28,1,0.7155078,2026-05-29,2026-06-27
PJ0734,2026-04-30,1,0.5025433,2026-05-01,2026-05-30
PJ0735,2026-04-30,0,0.35932064,2026-05-01,2026-05-30
PJ0736,2026-03-28,1,0.6589198,2026-03-29,2026-04-27
PJ0737,2026-01-28,1,0.70449513,2026-01-29,2026-02-27
PJ0738,2026-04-30,1,0.64778215,2026-05-01,2026-05-30
PJ0739,2026-04-30,0,0.41836116,2026-05-01,2026-05-30
PJ0740,2026-06-30,0,0.18920517,2026-07-01,2026-07-30
PJ0741,2026-04-30,0,0.28348362,2026-05-01,2026-05-30
PJ0742,2026-03-28,0,0.4063796,2026-03-29,2026-04-27
PJ0743,2026-01-28,1,0.7074162,2026-01-29,2026-02-27
PJ0744,2026-02-28,0,0.47080323,2026-03-01,2026-03-30
PJ0745,2026-06-30,1,0.67774904,2026-07-01,2026-07-30
PJ0746,2026-04-30,0,0.44282565,2026-05-01,2026-05-30
PJ0747,2026-04-30,1,0.5267507,2026-05-01,2026-05-30
PJ0748,2026-02-28,0,0.22294123,2026-03-01,2026-03-30
PJ0749,2026-04-30,1,0.6356953,2026-05-01,2026-05-30
PJ0750,2026-05-28,1,0.52837753,2026-05-29,2026-06-27
PJ0751,2026-05-28,0,0.3928807,2026-05-29,2026-06-27
PJ0752,2026-05-28,0,0.4814191,2026-05-29,2026-06-27
PJ0753,2026-06-30,1,0.50781727,2026-07-01,2026-07-30
PJ0754,2026-02-28,0,0.23012112,2026-03-01,2026-03-30
PJ0755,2026-03-28,1,0.738091,2026-03-29,2026-04-27
PJ0756,2026-01-28,1,0.6395546,2026-01-29,2026-02-27
PJ0757,2026-06-30,0,0.48181963,2026-07-01,2026-07-30
PJ0758,2026-04-30,0,0.36759368,2026-05-01,2026-05-30
PJ0759,2026-01-28,0,0.16414881,2026-01-29,2026-02-27
PJ0760,2026-04-30,1,0.5494529,2026-05-01,2026-05-30
PJ0761,2026-03-28,1,0.5165676,2026-03-29,2026-04-27
PJ0762,2026-01-28,0,0.3540961,2026-01-29,2026-02-27
PJ0763,2026-05-28,1,0.7162419,2026-05-29,2026-06-27
PJ0764,2026-02-28,0,0.4933982,2026-03-01,2026-03-30
PJ0765,2026-04-30,1,0.5400011,2026-05-01,2026-05-30
PJ0766,2026-06-30,0,0.36565727,2026-07-01,2026-07-30
PJ0767,2026-02-28,0,0.40530536,2026-03-01,2026-03-30
PJ0768,2026-04-30,1,0.54370934,2026-05-01,2026-05-30
PJ0769,2026-06-30,1,0.655425,2026-07-01,2026-07-30
PJ0770,2026-03-28,1,0.75558054,2026-03-29,2026-04-27
PJ0771,2026-03-28,1,0.6882227,2026-03-29,2026-04-27
PJ0772,2026-03-28,1,0.69922364,2026-03-29,2026-04-27
PJ0773,2026-06-30,0,0.33582574,2026-07-01,2026-07-30
PJ0774,2026-05-28,1,0.70629674,2026-05-29,2026-06-27
PJ0775,2026-05-28,1,0.5301154,2026-05-29,2026-06-27
PJ0776,2026-01-28,1,0.6298804,2026-01-29,2026-02-27
PJ0777,2026-02-28,0,0.1870626,2026-03-01,2026-03-30
PJ0778,2026-05-28,1,0.69161844,2026-05-29,2026-06-27
PJ0779,2026-05-28,0,0.35494485,2026-05-29,2026-06-27
PJ0780,2026-01-28,1,0.6014278,2026-01-29,2026-02-27
PJ0781,2026-04-30,0,0.3907331,2026-05-01,2026-05-30
PJ0782,2026-01-28,1,0.5007301,2026-01-29,2026-02-27
PJ0783,2026-03-28,0,0.21638519,2026-03-29,2026-04-27
PJ0784,2026-06-30,0,0.16449708,2026-07-01,2026-07-30
PJ0785,2026-06-30,1,0.63944364,2026-07-01,2026-07-30
PJ0786,2026-05-28,1,0.7178554,2026-05-29,2026-06-27
PJ0787,2026-06-30,1,0.5017067,2026-07-01,2026-07-30
PJ0788,2026-05-28,0,0.15359834,2026-05-29,2026-06-27
PJ0789,2026-04-30,1,0.66968113,2026-05-01,2026-05-30
PJ0790,2026-05-28,0,0.20682742,2026-05-29,2026-06-27
PJ0791,2026-05-28,0,0.2362674,2026-05-29,2026-06-27
PJ0792,2026-02-28,1,0.66569567,2026-03-01,2026-03-30
PJ0793,2026-04-30,0,0.38521957,2026-05-01,2026-05-30
PJ0794,2026-06-30,0,0.31309098,2026-07-01,2026-07-30
PJ0795,2026-03-28,1,0.53658074,2026-03-29,2026-04-27
PJ0796,2026-05-28,0,0.47126895,2026-05-29,2026-06-27
PJ0797,2026-04-30,1,0.7225642,2026-05-01,2026-05-30
PJ0798,2026-03-28,0,0.21371895,2026-03-29,2026-04-27
PJ0799,2026-05-28,0,0.19060817,2026-05-29,2026-06-27
PJ0800,2026-02-28,0,0.37737077,2026-03-01,2026-03-30
